"Index","Open","High","Low","Close","Volume"
"1970-01-02",994.8,1002.6,994.8,999.2,2908
"1970-01-03",999.1,1000.9,998.1,998.4,2018
"1970-01-04",999.6,1001.6,999.1,1001.2,2231
"1970-01-05",1002.6,1003.1,998.7,998.8,2846
"1970-01-06",998.6,1000.5,998.1,999.9,1346
"1970-01-07",999.1,1001.1,998.9,1000.9,1419
"1970-01-08",1001.5,1001.5,998.8,999,1500
"1970-01-09",998.6,999.6,997.3,999.2,1627
"1970-01-10",1000.1,1001.1,1000.1,1000.3,1700
"1970-01-11",1001.1,1002.1,1000.5,1001.9,1435
"1970-01-12",1002.6,1003.5,1001.1,1001.5,1362
"1970-01-13",1001.6,1002.6,1000.9,1001.4,1678
"1970-01-14",1001.4,1001.8,1000.6,1001.7,786
"1970-01-15",1001.1,1001.3,999.2,999.3,1492
"1970-01-16",999.3,1000.6,999.1,1000.5,1205
"1970-01-17",997.1,997.1,993.1,993.5,3430
"1970-01-18",994.6,996.6,993.8,994.8,1695
"1970-01-19",995.1,997.1,994.7,996.8,1258
"1970-01-20",996.4,998,996.1,997.7,1217
"1970-01-21",998.1,998.6,997.6,998.5,953
"1970-01-22",1000,1001.1,999.1,1000.9,1066
"1970-01-23",1001.6,1002.5,1000.1,1000.5,907
"1970-01-24",1000.1,1001.6,999.7,1001.5,847
"1970-01-25",1001.4,1002.6,1000.7,1000.8,1390
"1970-01-26",1000.6,1001.1,999.9,1000.4,733
"1970-01-27",1000.1,1001.4,999.6,1001,1847
"1970-01-28",1001.1,1002,999.7,999.8,2038
"1970-01-29",999.6,1000.5,999.1,1000,1050
"1970-01-30",1000.1,1001,999.9,1000.9,828
"1970-01-31",1001.6,1003.1,1001.1,1001.7,1492
"1970-02-01",1002.1,1005.1,1002.1,1004.8,1233
"1970-02-02",1003.9,1005.1,1003.1,1003.7,1326
"1970-02-03",1003.6,1004.9,1002.6,1002.7,868
"1970-02-04",1002.6,1002.6,1001.1,1001.9,995
"1970-02-05",1002,1002.1,1000.1,1001.5,1041
"1970-02-06",1001.2,1001.6,1000.1,1000.3,1468
"1970-02-07",1001.1,1002,999.7,999.8,959
"1970-02-08",1000,1000,998.6,998.7,1055
"1970-02-09",998.5,998.6,997,997,1699
"1970-02-10",997.3,998.3,996.5,998,1301
"1970-02-11",997.5,998.8,997.2,998.4,2164
"1970-02-12",998.8,999,997.8,998.2,1105
"1970-02-13",998,998,996.6,996.7,1554
"1970-02-14",996.9,997.9,996.9,997.8,1467
"1970-02-15",998.1,998.4,997.5,998.2,1052
"1970-02-16",997.7,998.4,997.7,998.1,815
"1970-02-17",998,998.5,997.7,998.3,865
"1970-02-18",998.2,998.3,996.7,996.8,1453
"1970-02-19",996.5,997.2,995.5,996,2167
"1970-02-20",996,996.9,996,996.6,1069
"1970-02-21",997,998.6,996.9,998.3,2209
"1970-02-22",998.5,999.3,997.9,998.1,1143
"1970-02-23",998.2,998.6,996.6,997,1181
"1970-02-24",997,997,995.5,995.6,1879
"1970-02-25",996,996.5,995.8,996.3,831
"1970-02-26",996.5,996.9,995.2,995.4,1163
"1970-02-27",995.3,995.7,995.1,995.3,770
"1970-02-28",995.1,995.3,994.1,994.5,1086
"1970-03-01",994.5,995.1,994.4,995,717
"1970-03-02",995.1,995.1,994.5,994.6,1160
"1970-03-03",994.4,995.1,994,994.9,1030
"1970-03-04",995.1,995.6,994.2,994.5,1042
"1970-03-05",994.3,994.3,993.5,993.9,1213
"1970-03-06",994.1,994.9,993.7,994.8,948
"1970-03-07",994.9,995.5,994.3,994.6,1005
"1970-03-08",994.5,995.2,994.5,995,817
"1970-03-09",995.2,995.4,994.7,995.4,779
"1970-03-10",995,997.4,995,997,1704
"1970-03-11",996.6,997,995.8,995.9,1075
"1970-03-12",996,997.1,996,996.4,1298
"1970-03-13",996.5,998,996.5,997.7,855
"1970-03-14",997,998.9,997,998.6,1317
"1970-03-15",998.5,999.1,997.9,998.2,1178
"1970-03-16",998,998.1,997.3,997.9,954
"1970-03-17",997.8,998.9,997.8,998.9,796
"1970-03-18",999,999.3,996.8,996.9,1299
"1970-03-19",997,997.9,996.6,997.8,1381
"1970-03-20",998,998.6,997.8,998,1542
"1970-03-21",998.2,999,998,998.5,1603
"1970-03-22",999.5,999.5,997.6,997.6,2129
"1970-03-23",997.3,998,997.2,997.8,1131
"1970-03-24",998,998.4,997.2,997.9,961
"1970-03-25",998.4,999.3,998.3,999.3,1917
"1970-03-26",999.5,1001.5,999.5,1000.4,2671
"1970-03-27",1001,1001.5,1000.6,1001.4,2753
"1970-03-28",1002.5,1005.3,1002.5,1005.3,3920
"1970-03-29",1008.5,1008.6,1006.4,1006.9,4318
"1970-03-30",1007.5,1009.3,1006,1009.2,3004
"1970-03-31",1009,1013,1009,1012.2,4745
"1970-04-01",1011.5,1014.7,1010.8,1014.5,4012
"1970-04-02",1016.5,1017.5,1015,1016.1,4135
"1970-04-03",1016.5,1021.5,1016.2,1019.9,4822
"1970-04-04",1019,1020.5,1017.5,1019.5,4614
"1970-04-05",1018.5,1023.3,1017.3,1023.1,5201
"1970-04-06",1024.5,1031.5,1023.5,1027.7,6280
"1970-04-07",1026.5,1029.5,1025,1029.2,4310
"1970-04-08",1029.5,1038,1029.5,1037.3,5366
"1970-04-09",1037,1038.5,1030.5,1031,6632
"1970-04-10",1031.5,1036,1031.5,1034.7,5035
"1970-04-11",1036.5,1037.5,1030.5,1031.8,5276
"1970-04-12",1029.5,1036,1028.5,1034.7,4718
"1970-04-13",1034,1040.5,1032.5,1039.3,4583
"1970-04-14",1040.5,1041,1036,1037.8,4730
"1970-04-15",1037,1038,1034,1034.8,4054
"1970-04-16",1034.8,1037.3,1033.8,1034.8,3099
"1970-04-17",1036.5,1044.8,1036.5,1044.8,3693
"1970-04-18",1046.5,1054.8,1046.5,1047.2,5711
"1970-04-19",1050.5,1054,1049,1052.5,3276
"1970-04-20",1062.5,1062.5,1057.5,1061,4912
"1970-04-21",1059.5,1067,1057.5,1065.5,4795
"1970-04-22",1064.5,1070.5,1064.5,1068.7,2785
"1970-04-23",1067.5,1068.5,1058.7,1061.7,5448
"1970-04-24",1061.7,1066,1060,1061.5,3688
"1970-04-25",1063.5,1064,1051.5,1051.5,4729
"1970-04-26",1052.5,1053.5,1046.5,1046.8,2640
"1970-04-27",1046.5,1056.8,1046.5,1056.8,3676
"1970-04-28",1060.5,1063.5,1056.5,1058,3962
"1970-04-29",1050.5,1053,1048,1048,2495
"1970-04-30",1049.5,1057.5,1043.5,1055.8,2871
"1970-05-01",1057.5,1059.7,1053.5,1055.7,2984
"1970-05-02",1055.5,1058,1053.5,1054.7,1379
"1970-05-03",1053.7,1057.5,1053,1057.3,2554
"1970-05-04",1055.5,1059.5,1053.5,1058.5,3295
"1970-05-05",1054.2,1068.5,1054.2,1068.5,3886
"1970-05-06",1077.2,1078.5,1073.2,1074.7,4852
"1970-05-07",1081.2,1084.7,1081.2,1084.7,2634
"1970-05-08",1087.2,1087.2,1074.7,1074.7,4295
"1970-05-09",1077.2,1077.2,1067.2,1073,3921
"1970-05-10",1076.2,1079.1,1074.7,1075.9,3380
"1970-05-11",1075.2,1077.7,1065.9,1065.9,3079
"1970-05-12",1066.2,1066.2,1058.7,1062,2784
"1970-05-13",1064.2,1070.7,1064.2,1070.4,2155
"1970-05-14",1072.2,1072.2,1060.4,1060.4,3541
"1970-05-15",1055.2,1059.7,1051.2,1055.7,2770
"1970-05-16",1054.2,1056.7,1045.7,1045.7,2212
"1970-05-17",1044.7,1051.2,1040.7,1047.2,3096
"1970-05-18",1051.2,1052.2,1047.7,1050.9,2369
"1970-05-19",1050.2,1050.2,1040.9,1040.9,2263
"1970-05-20",1041.2,1048.7,1041.2,1048.2,2612
"1970-05-21",1047.2,1047.2,1038.2,1039.5,2250
"1970-05-22",1039.2,1042.7,1033.7,1040.5,2699
"1970-05-23",1041.2,1045.2,1039.7,1041,2382
"1970-05-24",1039.2,1042.2,1037.2,1038.2,3279
"1970-05-25",1037.2,1039.7,1029.7,1030.5,2792
"1970-05-26",1030.5,1031,1020.5,1020.5,1446
"1970-05-27",1021,1027,1020.5,1022.5,1402
"1970-05-28",1024,1032.2,1024,1031.2,1863
"1970-05-29",1030,1035,1029,1034.5,1094
"1970-05-30",1033,1035,1032,1034.6,1182
"1970-05-31",1034,1039,1033,1034.8,1035
"1970-06-01",1036,1036.8,1032,1032.8,1005
"1970-06-02",1031.5,1032,1030.1,1031.6,1103
"1970-06-03",1032,1034,1032,1033.4,920
"1970-06-04",1036,1041.5,1034.5,1040.2,1288
"1970-06-05",1040,1040,1036.5,1037.3,724
"1970-06-06",1036,1037,1028,1028.5,1412
"1970-06-07",1031,1036,1031,1035.7,1468
"1970-06-08",1038,1045,1038,1041.8,1467
"1970-06-09",1045,1047,1043.5,1045.2,1890
"1970-06-10",1049,1054,1048,1050.3,1951
"1970-06-11",1050,1050.5,1044.1,1047.2,1312
"1970-06-12",1046,1048,1042.5,1043.5,994
"1970-06-13",1042.5,1045,1040.4,1045,705
"1970-06-14",1045,1048,1044.5,1046.7,753
"1970-06-15",1047,1048,1041.5,1042,1797
"1970-06-16",1041.5,1044,1040,1041.8,1508
"1970-06-17",1043,1045.2,1041.5,1044.5,1398
"1970-06-18",1047.5,1051.5,1047.5,1051.3,1111
"1970-06-19",1049,1054.5,1049,1054,871
"1970-06-20",1061.5,1064,1061,1064,964
"1970-06-21",1064.5,1065,1058,1059.5,1061
"1970-06-22",1058.5,1060,1056,1059.8,1312
"1970-06-23",1060.5,1061,1055.5,1055.5,1415
"1970-06-24",1054.5,1055,1045.5,1047.8,1505
"1970-06-25",1047.5,1048,1039,1040.7,1907
"1970-06-26",1042,1043.5,1037.5,1039.3,2119
"1970-06-27",1043.3,1043.3,1041,1042.3,763
"1970-06-28",1042.5,1043,1034,1034.2,1239
"1970-06-29",1031.5,1034.5,1029.5,1032,1622
"1970-06-30",1034.5,1035.5,1031.6,1032.8,991
"1970-07-01",1032.5,1033.5,1030.5,1033,1375
"1970-07-02",1030.6,1032.5,1028.2,1032.3,2668
"1970-07-03",1031.3,1032,1028,1028.3,2087
"1970-07-04",1028.5,1029,1024.6,1027.3,1203
"1970-07-05",1027.5,1029,1026,1027.7,1628
"1970-07-06",1027.5,1027.5,1024,1024.3,2571
"1970-07-07",1022.5,1027.5,1021.5,1027.3,1934
"1970-07-08",1026.8,1026.8,1022.8,1023.5,3388
"1970-07-09",1022.8,1030.3,1021.8,1029.6,4557
"1970-07-10",1029.3,1033.3,1026.8,1030,4511
"1970-07-11",1030.3,1034.3,1028.8,1031.1,4060
"1970-07-12",1033.8,1036.3,1032.8,1036,3668
"1970-07-13",1037.8,1037.8,1032.8,1034.1,3037
"1970-07-14",1027.3,1028.8,1025.3,1026.6,3153
"1970-07-15",1035.8,1036.6,1035.8,1036.6,1622
"1970-07-16",1034.8,1036.3,1027.3,1029,6503
"1970-07-17",1028.3,1029.3,1024.5,1024.8,4343
"1970-07-18",1022.8,1027.3,1021.8,1022.2,3931
"1970-07-19",1023.8,1027.3,1022.8,1026.9,3623
"1970-07-20",1026.3,1027.2,1024.4,1027,2215
"1970-07-21",1027.8,1029.8,1026.8,1028,3167
"1970-07-22",1026.3,1034.8,1025.8,1034.1,4701
"1970-07-23",1034.3,1036.8,1031.8,1034.5,2916
"1970-07-24",1037.3,1037.3,1031.8,1033.6,2937
"1970-07-25",1033.8,1036.3,1030.8,1035.7,3818
"1970-07-26",1035.3,1036.3,1032.3,1033.1,2562
"1970-07-27",1032.8,1036.3,1031.3,1035.1,2378
"1970-07-28",1035.3,1036.2,1033.3,1035,2352
"1970-07-29",1035.8,1036.3,1029.8,1030.3,3553
"1970-07-30",1030.3,1034.8,1030.3,1034,2110
"1970-07-31",1034.8,1035.3,1032.3,1033.7,1957
"1970-08-01",1033.8,1035.3,1032.4,1032.7,1920
"1970-08-02",1032.3,1032.3,1029,1030.4,2655
"1970-08-03",1030.3,1031.8,1029.8,1031.4,2054
"1970-08-04",1025.8,1027.1,1024.7,1026.9,2034
"1970-08-05",1027.3,1027.3,1021.9,1023.5,3309
"1970-08-06",1025.3,1030.8,1024.8,1030.6,3035
"1970-08-07",1030.6,1035.8,1029.8,1035.5,2907
"1970-08-08",1035.3,1036.7,1032.3,1035,2205
"1970-08-09",1035.8,1043.3,1035.8,1039.2,2899
"1970-08-10",1039.3,1044.3,1038.8,1044.1,1643
"1970-08-11",1043.3,1046.8,1041,1042.3,3103
"1970-08-12",1043.8,1044.8,1040.6,1041.5,1503
"1970-08-13",1041.8,1041.8,1038.8,1039.2,1028
"1970-08-14",1038.8,1038.8,1035.3,1038,2805
"1970-08-15",1036.8,1039.8,1035.8,1039.5,3637
"1970-08-16",1040.8,1041.3,1038.8,1039.5,3280
"1970-08-17",1040.3,1040.8,1038.3,1040,2476
"1970-08-18",1040.8,1042.8,1040.5,1042.5,2154
"1970-08-19",1043.8,1046.3,1042.6,1046.2,2722
"1970-08-20",1047.6,1048.3,1044.4,1044.6,2898
"1970-08-21",1044.8,1048.8,1044.4,1048.5,2329
"1970-08-22",1047.3,1049.3,1046.8,1047.7,2191
"1970-08-23",1047.3,1047.6,1045.3,1045.9,1739
"1970-08-24",1044.8,1044.9,1042.8,1044.1,1613
"1970-08-25",1044.3,1047.3,1044.3,1047.1,2228
"1970-08-26",1048.1,1048.1,1041.8,1042.6,2549
"1970-08-27",1043.8,1044.6,1042.4,1043.9,1699
"1970-08-28",1044.3,1044.3,1040.5,1040.9,2454
"1970-08-29",1041.3,1042.3,1041,1042.1,2031
"1970-08-30",1041.8,1043.3,1041.3,1043.2,2431
"1970-08-31",1043.3,1044.3,1041.9,1042.1,2078
"1970-09-01",1041.8,1044.2,1041.1,1044.1,1084
"1970-09-02",1044.3,1047.8,1044.3,1046.5,2222
"1970-09-03",1046.5,1048.6,1045.4,1048.1,2437
"1970-09-04",1048.8,1049.8,1047.6,1047.7,3584
"1970-09-05",1047.8,1051,1047.3,1050.5,1762
"1970-09-06",1050.6,1053.1,1048.9,1049.5,4474
"1970-09-07",1048.6,1050.6,1047.2,1050.4,5236
"1970-09-08",1050.6,1053.1,1050.3,1051.1,4619
"1970-09-09",1051.6,1053.9,1051.1,1053.7,4682
"1970-09-10",1053.6,1055.1,1052.3,1053.7,4221
"1970-09-11",1055.1,1057.3,1054.7,1056.5,3478
"1970-09-12",1055.9,1056.6,1054.4,1055.5,4258
"1970-09-13",1055.6,1059.1,1055.6,1058.9,4500
"1970-09-14",1058.9,1059.3,1053.9,1055.3,6400
"1970-09-15",1055.1,1055.6,1053.3,1053.8,5325
"1970-09-16",1054.6,1055.1,1053.8,1054.4,2567
"1970-09-17",1053.6,1057.6,1053.1,1055.5,5054
"1970-09-18",1055.6,1058.1,1055.2,1057.6,5254
"1970-09-19",1058.1,1058.6,1054.9,1055,4787
"1970-09-20",1054.8,1054.8,1051.7,1052,3967
"1970-09-21",1051.1,1056,1050.1,1055.4,4148
"1970-09-22",1055.6,1055.6,1053.4,1054.2,2459
"1970-09-23",1052.6,1054.6,1050.1,1052,5039
"1970-09-24",1052.6,1055,1049.4,1050,5285
"1970-09-25",1050.6,1052.1,1046.1,1048.6,5233
"1970-09-26",1050.1,1051.3,1049.3,1050.7,3013
"1970-09-27",1050.6,1051.4,1048.6,1050.2,3811
"1970-09-28",1049.6,1049.6,1047.6,1048.3,2391
"1970-09-29",1048.6,1051,1048.3,1049.3,2881
"1970-09-30",1049.1,1052,1048.8,1051.8,2148
"1970-10-01",1051.6,1055.6,1051.6,1052.4,4283
"1970-10-02",1052.6,1053.9,1050.7,1053,3591
"1970-10-03",1053.5,1054.1,1052.1,1053.1,2677
"1970-10-04",1053.1,1053.3,1052.1,1052.5,1411
"1970-10-05",1052.1,1052.8,1051.6,1052,1544
"1970-10-06",1051.6,1051.8,1049.8,1050,1707
"1970-10-07",1049.1,1049.8,1048.4,1048.5,1321
"1970-10-08",1048.6,1051.3,1048.1,1051.2,1592
"1970-10-09",1052.1,1055.1,1052.1,1055,3303
"1970-10-10",1055.6,1056,1054.2,1055.9,1403
"1970-10-11",1055.1,1055.9,1054.7,1054.9,1544
"1970-10-12",1055.6,1063.1,1055.6,1060.6,2854
"1970-10-13",1060.1,1063.1,1059.9,1062.6,2511
"1970-10-14",1062.1,1062.6,1059.6,1060,3747
"1970-10-15",1059.6,1065.8,1059.4,1063.1,2089
"1970-10-16",1063.1,1064.2,1060.8,1063.7,4715
"1970-10-17",1064.8,1068.3,1064.8,1068,5155
"1970-10-18",1069.3,1078,1068.3,1077.1,5983
"1970-10-19",1075.8,1076.6,1073.8,1074.7,4060
"1970-10-20",1075.8,1083.3,1075.8,1079.6,3694
"1970-10-21",1083.3,1086.3,1073.3,1075.1,5799
"1970-10-22",1075.3,1077.1,1071.8,1076.6,4651
"1970-10-23",1075.8,1078.1,1069.8,1072,6456
"1970-10-24",1072.8,1073.3,1066.3,1070.5,4264
"1970-10-25",1070.3,1072.3,1067,1069.8,4082
"1970-10-26",1071.3,1072.8,1068.3,1068.6,3443
"1970-10-27",1069.3,1075.8,1069.3,1075.6,5423
"1970-10-28",1077.3,1081.3,1070.8,1072,6221
"1970-10-29",1073.3,1075.3,1070.8,1074,3101
"1970-10-30",1074.3,1077.1,1074.3,1076.6,2479
"1970-10-31",1076.3,1076.3,1073.3,1074.1,2880
"1970-11-01",1075.3,1079.3,1070.3,1074.3,4999
"1970-11-02",1073.3,1074.8,1071.8,1073.8,2813
"1970-11-03",1073.8,1076.8,1073.1,1076.5,2481
"1970-11-04",1075.3,1083.3,1075.3,1082.8,4845
"1970-11-05",1084.3,1085.3,1081.3,1085,4271
"1970-11-06",1086.3,1089.3,1085,1087.5,4140
"1970-11-07",1087.3,1087.8,1085.1,1087.5,2180
"1970-11-08",1092.3,1096.7,1091.8,1096.3,3160
"1970-11-09",1095.8,1097.8,1093.8,1095.6,2279
"1970-11-10",1101.3,1105.6,1101.3,1102.6,3791
"1970-11-11",1107.3,1109.3,1103.8,1109.2,3727
"1970-11-12",1109.3,1115.8,1106.8,1115.3,3340
"1970-11-13",1115.3,1122.8,1114.3,1122.1,3319
"1970-11-14",1126.3,1132.1,1123.3,1132.1,3361
"1970-11-15",1140.3,1142.1,1122.1,1122.8,3875
"1970-11-16",1122.3,1124.3,1113.8,1115.1,2823
"1970-11-17",1121.3,1125.1,1119.3,1125.1,2642
"1970-11-18",1132.3,1135.1,1132.3,1135.1,1522
"1970-11-19",1144.3,1145.1,1128.3,1128.3,3620
"1970-11-20",1135.3,1135.3,1125.3,1130.8,2943
"1970-11-21",1130.3,1136.3,1129.8,1136,2427
"1970-11-22",1146,1146,1132.3,1141.3,3515
"1970-11-23",1139.3,1139.3,1131.3,1131.3,2119
"1970-11-24",1127.3,1127.3,1121.3,1121.3,2032
"1970-11-25",1118.3,1123.3,1111.3,1111.3,3708
"1970-11-26",1105.3,1112.3,1096.3,1104.6,6411
"1970-11-27",1108.3,1118.3,1108.3,1117.8,2873
"1970-11-28",1132.8,1132.8,1122.3,1127.8,8100
"1970-11-29",1122.3,1122.3,1117.8,1117.8,4327
"1970-11-30",1114.3,1114.3,1107.8,1107.8,6253
"1970-12-01",1105.3,1108.8,1097.8,1097.8,6527
"1970-12-02",1097.3,1102.3,1088.5,1102.1,6936
"1970-12-03",1095.3,1097.8,1092.1,1092.1,4064
"1970-12-04",1083.3,1093.3,1082.3,1086.3,6749
"1970-12-05",1093.3,1096.3,1090.3,1096.3,4745
"1970-12-06",1106.3,1106.3,1102.3,1105.5,3353
"1970-12-07",1104.3,1109.8,1100.3,1103.8,5134
"1970-12-08",1106.3,1106.3,1093.8,1093.8,4928
"1970-12-09",1091.8,1096.8,1087.3,1095.3,4721
"1970-12-10",1094.3,1096.3,1088.5,1089.2,4512
"1970-12-11",1086.8,1086.8,1079.2,1079.3,5359
"1970-12-12",1079.8,1089.3,1079.8,1083.8,5371
"1970-12-13",1089.3,1093.8,1089.3,1093.8,4328
"1970-12-14",1093.8,1097.3,1091.1,1094.5,5685
"1970-12-15",1092.3,1094.3,1086.3,1094.1,5022
"1970-12-16",1091.3,1096.3,1088.8,1090.8,5345
"1970-12-17",1091.3,1095.8,1090.3,1095.5,3124
"1970-12-18",1096.4,1103.3,1095.3,1101.3,5834
"1970-12-19",1100.3,1100.3,1092.8,1093.6,4389
"1970-12-20",1092.3,1092.8,1085.6,1089,6463
"1970-12-21",1087.8,1092.8,1085.8,1086.8,3723
"1970-12-22",1089.3,1091.3,1084.3,1086.5,4031
"1970-12-23",1083.3,1084.3,1076.5,1076.5,5389
"1970-12-24",1074.3,1075.3,1066.5,1069.1,5806
"1970-12-25",1070.8,1072.3,1067.3,1071.1,4305
"1970-12-26",1067.8,1070.3,1063.8,1069.5,3370
"1970-12-27",1068.8,1069.8,1065.4,1066,3603
"1970-12-28",1064.3,1064.3,1056,1056,4072
"1970-12-29",1054.3,1056.8,1049.8,1050.6,4270
"1970-12-30",1050.8,1050.8,1040.6,1040.6,4223
"1970-12-31",1039.8,1047.2,1039.1,1042.8,4048
"1971-01-01",1040.3,1040.3,1032.8,1032.8,2560
"1971-01-02",1028.3,1029.8,1025.3,1026.6,4588
"1971-01-03",1029.8,1034.1,1029.8,1032.3,3007
"1971-01-04",1025.3,1029.8,1022.3,1029.5,2515
"1971-01-05",1030.3,1038.3,1030.3,1035.1,2268
"1971-01-06",1036.8,1041.8,1035.3,1040.8,3115
"1971-01-07",1040.3,1042.5,1037.8,1038.6,4284
"1971-01-08",1038.3,1039.6,1033.8,1035.5,2069
"1971-01-09",1025.5,1025.5,1025.5,1025.5,65
"1971-01-10",1017.7,1020.7,1015.5,1015.5,4904
"1971-01-11",1019.7,1019.7,1005.7,1009.5,6025
"1971-01-12",1006.7,1007.2,1000.2,1000.9,4655
"1971-01-13",996.7,1001.9,996.2,1001.5,3999
"1971-01-14",998.7,998.7,992.7,993.2,2700
"1971-01-15",983.2,991.7,983.2,984.7,4082
"1971-01-16",987.7,994.7,987.7,994.7,2488
"1971-01-17",1010.7,1012.7,995.2,995.9,6685
"1971-01-18",988.7,990.2,985.9,987.4,2610
"1971-01-19",990.7,997.4,990.7,997.4,2662
"1971-01-20",993.7,995.7,990.2,994.4,3371
"1971-01-21",995.7,1000.7,995.7,997.4,3092
"1971-01-22",1000.2,1000.7,992.2,999.2,3633
"1971-01-23",996.2,996.2,990.9,994.9,2860
"1971-01-24",991.7,993.2,987.7,990.7,3265
"1971-01-25",993.2,994.7,989.7,990.5,3490
"1971-01-26",988.2,989.7,986.8,988.3,4345
"1971-01-27",987.7,988.2,983.2,983.5,3784
"1971-01-28",980.2,980.2,973.7,974.2,2542
"1971-01-29",977.2,979.2,976.2,978.4,1927
"1971-01-30",979.2,987.6,979.2,986.9,2863
"1971-01-31",985.7,988.2,981.7,982.5,1973
"1971-02-01",979.2,983,979.2,982.8,1416
"1971-02-02",978.7,979.1,975,978.9,1703
"1971-02-03",978.2,980.1,977.7,979.9,1103
"1971-02-04",979.7,982.2,979.7,981.4,2349
"1971-02-05",978.7,980.2,975.8,976,1796
"1971-02-06",968.2,970.2,967.2,968.7,1569
"1971-02-07",967.2,968.5,964.7,966.5,1127
"1971-02-08",964.7,968.7,964.2,968.5,1814
"1971-02-09",970.2,971.2,966.7,967,2036
"1971-02-10",964.7,968.7,963.7,968.5,2165
"1971-02-11",968.2,969.7,966.3,966.5,1869
"1971-02-12",965.7,965.7,962.3,963.4,1569
"1971-02-13",962.7,964.9,962.7,963.8,1482
"1971-02-14",964.7,968.2,964.7,967.5,1990
"1971-02-15",968.7,970.2,966.2,966.8,2159
"1971-02-16",966.2,968.6,965.5,967.7,1338
"1971-02-17",967.2,969.2,966,967,2121
"1971-02-18",968.2,969.7,967.7,969.5,2130
"1971-02-19",972.2,975.5,971.2,972,2520
"1971-02-20",971.8,973.5,970.8,973.4,1030
"1971-02-21",975.8,977.6,975.3,975.7,1654
"1971-02-22",974.8,976.1,973.8,975.9,1140
"1971-02-23",975.8,976.8,970.4,971,2000
"1971-02-24",970.3,970.3,968.6,968.7,1849
"1971-02-25",967.3,968.6,966.8,967.4,1364
"1971-02-26",966.3,968.5,965.6,968.3,1267
"1971-02-27",968.3,971.3,966.5,971.1,1322
"1971-02-28",970.3,970.3,967,967.9,1786
"1971-03-01",970.3,970.8,969.1,970.4,1852
"1971-03-02",971.3,971.8,969.6,970.6,1294
"1971-03-03",971.3,972.1,968.8,971.7,1973
"1971-03-04",971.8,975.1,971.8,974.1,2011
"1971-03-05",975.6,984.1,975.6,984.1,2352
"1971-03-06",980.8,982.8,977.3,977.5,2262
"1971-03-07",976.3,980.1,975.8,976.3,2553
"1971-03-08",973.8,974.8,971.8,972,1923
"1971-03-09",970.8,970.8,966.8,967.3,2036
"1971-03-10",966.8,969.5,966.8,967.7,2151
"1971-03-11",968.8,972.6,968.8,972.4,2162
"1971-03-12",973.3,973.9,970,970.4,1933
"1971-03-13",969.5,972.4,968.2,971.6,4367
"1971-03-14",971.5,975,971.5,974.3,5534
"1971-03-15",972.3,975.8,972,972.8,5819
"1971-03-16",973.5,977.4,973.5,976.6,6435
"1971-03-17",975.5,979,975.5,977.4,4633
"1971-03-18",975,975.5,973.8,973.9,3070
"1971-03-19",972,972.5,970.5,970.6,4803
"1971-03-20",969.5,971.5,968.6,969.6,5315
"1971-03-21",968.5,969.3,967.7,969,4321
"1971-03-22",968.5,971,968.5,969.4,3688
"1971-03-23",971.5,971.9,969.7,971.8,4397
"1971-03-24",972,972.7,970.2,970.4,4912
"1971-03-25",970,970,968.8,969.2,3621
"1971-03-26",969.2,970.4,968.6,969.8,3771
"1971-03-27",972,975.2,971.5,974.8,6397
"1971-03-28",975.5,976.5,973.5,974.2,5077
"1971-03-29",975,977.5,973.8,976.6,5732
"1971-03-30",976.5,977.2,974.7,974.9,4444
"1971-03-31",974,979,974,977.4,5106
"1971-04-01",978,983.3,978,982.7,7630
"1971-04-02",984.5,987.7,982.2,987.3,7387
"1971-04-03",995,996.5,991.3,994.2,7018
"1971-04-04",990.5,993,989.5,990.4,5701
"1971-04-05",990,990.7,986.5,989.8,6241
"1971-04-06",990,998.5,990,997.2,6264
"1971-04-07",995.5,998,994.1,995.4,4934
"1971-04-08",996.5,997,993.4,994.7,5248
"1971-04-09",993.6,998.5,992.7,997.2,5282
"1971-04-10",1000.5,1006.4,1000.2,1002.4,5854
"1971-04-11",1004.5,1004.5,1000.8,1002.2,5651
"1971-04-12",1000.5,1000.5,998,999.5,3706
"1971-04-13",1000,1001.4,999.3,1000.8,2482
"1971-04-14",1002,1003.7,994.7,995.4,4672
"1971-04-15",995.5,996.5,989.5,990,4362
"1971-04-16",989.7,990.8,986,990.4,3577
"1971-04-17",991,994.5,991,994.4,1372
"1971-04-18",995.5,996,985.6,985.8,4586
"1971-04-19",986.5,987.3,983,986.8,5322
"1971-04-20",986.5,988.8,984.5,984.8,3310
"1971-04-21",984.7,985.5,983.2,984.4,2968
"1971-04-22",985.7,987.1,984.7,984.9,2994
"1971-04-23",985.7,986.5,982.8,983,4472
"1971-04-24",982.7,983.2,980.8,982.5,3468
"1971-04-25",983.4,984.5,982.2,983.7,3696
"1971-04-26",985.2,986.4,984.7,985.4,4495
"1971-04-27",986.7,987.2,984.2,984.3,4704
"1971-04-28",983.2,983.4,979.4,979.6,3510
"1971-04-29",981.2,981.5,979.2,981.3,4016
"1971-04-30",983.2,983.2,981.2,981.4,3749
"1971-05-01",981.7,986.2,981.4,986.1,5103
"1971-05-02",987.2,988.6,986,986.5,4659
"1971-05-03",991,993.2,987.7,989.4,4029
"1971-05-04",989.2,989.9,987.7,988.4,3216
"1971-05-05",989.2,990.6,989.2,990.3,2154
"1971-05-06",990.7,993,990.6,992.9,3890
"1971-05-07",994.2,994.2,992.5,993,2534
"1971-05-08",993.2,993.9,988.7,988.9,2806
"1971-05-09",988.7,990.7,988.2,989.1,3183
"1971-05-10",988.7,989.6,988.2,989.1,3246
"1971-05-11",989.2,992.2,989.2,990.6,2042
"1971-05-12",991.3,993.3,989.8,990,5347
"1971-05-13",990.3,992.3,990.2,991.7,6343
"1971-05-14",991.8,991.8,986.9,987.8,7744
"1971-05-15",988.3,990,987.6,988.9,4333
"1971-05-16",989.8,991,989.3,990.7,3005
"1971-05-17",991,991.8,990,991,4156
"1971-05-18",992.3,992.3,990.2,990.6,5506
"1971-05-19",990.1,990.6,989,989,3829
"1971-05-20",989.8,990.3,987.4,987.5,5247
"1971-05-21",987.2,987.2,982.8,983,6700
"1971-05-22",978.8,979.1,975.8,977.1,8122
"1971-05-23",978.3,978.9,977.1,978.5,4461
"1971-05-24",978,979,977.3,977.7,3485
"1971-05-25",977.3,979.6,976.4,979.5,3033
"1971-05-26",979.8,980.2,978.1,978.2,2902
"1971-05-27",978.3,979.1,978,978.5,2771
"1971-05-28",977.8,984.9,977.3,979.4,5055
"1971-05-29",979.6,980.5,978.3,978.8,1988
"1971-05-30",979.8,980,979.3,979.4,1405
"1971-05-31",979.3,979.3,975.8,975.9,3343
"1971-06-01",976.3,976.5,974.8,974.9,2891
"1971-06-02",975.6,977.8,975,977.5,3136
"1971-06-03",976.8,977.8,975.4,976.4,2964
"1971-06-04",976.3,978.3,976.1,978,2265
"1971-06-05",977.6,977.8,974.6,974.7,3467
"1971-06-06",974.3,975.5,973.8,974.6,2747
"1971-06-07",974.8,975.5,974.3,974.7,1697
"1971-06-08",975.8,976.3,975,976.2,2970
"1971-06-09",976.8,977,975.2,975.5,2826
"1971-06-10",975.8,976.1,974.9,975.4,2280
"1971-06-11",975.8,975.8,975.4,975.7,2317
"1971-06-12",975.8,980.6,975.5,979.1,4044
"1971-06-13",979.3,979.8,977.1,977.4,3367
"1971-06-14",977.3,978.4,977.3,977.5,1649
"1971-06-15",977.3,978.3,977.1,977.6,2643
"1971-06-16",977.6,978.5,976.5,976.6,4883
"1971-06-17",974.8,975.8,974.3,975.1,4003
"1971-06-18",976,980.5,976,980.4,5429
"1971-06-19",980,983.5,978.8,982.7,7477
"1971-06-20",983.2,986,982.8,983.8,7953
"1971-06-21",984.5,987.2,983.5,983.6,5909
"1971-06-22",984.5,986.3,982.5,986.1,6009
"1971-06-23",989,993.5,988.5,992.3,7882
"1971-06-24",1000,1000,994,994.8,7295
"1971-06-25",992.5,992.5,988,988.7,6107
"1971-06-26",988.5,997,988.5,996.3,6004
"1971-06-27",996.8,1001.5,994,996.5,6972
"1971-06-28",996,999.8,995.5,997.2,6161
"1971-06-29",998,1001.5,996.4,1001.2,7027
"1971-06-30",1007.5,1011.2,1007.5,1011.2,7094
"1971-07-01",1010,1015.5,1007,1010.5,6257
"1971-07-02",1010.5,1011.5,1005,1005.8,6089
"1971-07-03",1008,1010.3,1005,1006.5,5426
"1971-07-04",1007,1009.4,1005.5,1007.4,3488
"1971-07-05",1010,1014,1010,1013.9,4703
"1971-07-06",1012.5,1014,1010,1010.2,4792
"1971-07-07",1008,1008,1000.2,1000.2,4585
"1971-07-08",1000,1000,990.2,992.5,8029
"1971-07-09",997.5,1000,995.6,999.7,3134
"1971-07-10",999,999.5,991,992.8,3726
"1971-07-11",993,997,990.1,996.9,3937
"1971-07-12",999,1002.8,996,998.7,5838
"1971-07-13",997.5,999.5,994.5,996.3,2947
"1971-07-14",997,1001,996.3,1000.5,3033
"1971-07-15",1001,1004.8,1000,1001.8,3495
"1971-07-16",1004,1004.5,1000.2,1002.1,3382
"1971-07-17",1001,1004.5,1000.5,1004.2,3300
"1971-07-18",1003.5,1003.5,998.1,998.3,3053
"1971-07-19",999.5,1007,997.5,1004.9,3608
"1971-07-20",1004,1006.8,1001,1001.3,2695
"1971-07-21",1001,1002.7,995,1002.3,3319
"1971-07-22",1003.5,1004,999.8,999.9,1512
"1971-07-23",999,999,995.5,998.5,2168
"1971-07-24",1001.5,1003,999.5,1001.6,2036
"1971-07-25",999.2,999.2,991.6,992.7,3220
"1971-07-26",993.5,996.2,993,996.1,2297
"1971-07-27",1000,1000,993.5,993.7,3069
"1971-07-28",993.5,995.5,992.2,995.3,3604
"1971-07-29",996.5,997.9,995.5,997,3085
"1971-07-30",997,1000,996.8,997.8,3548
"1971-07-31",998,998.4,994.3,995.5,4128
"1971-08-01",993.8,995.1,992.9,993.8,3402
"1971-08-02",994.3,996,994.3,995.8,2766
"1971-08-03",996.3,997.5,996,997.2,3441
"1971-08-04",997.8,998.3,994.8,995.7,4089
"1971-08-05",994.3,997.8,993.2,997.7,4938
"1971-08-06",997.3,1000.3,997.1,998,7507
"1971-08-07",998.8,999.6,997.3,998.4,5603
"1971-08-08",998.4,999.8,996.8,998.7,4700
"1971-08-09",999.3,1002.8,997.8,1001.7,7538
"1971-08-10",1001.7,1004,1000.8,1001.6,7578
"1971-08-11",1000.3,1002,1000.3,1000.6,5719
"1971-08-12",1000.3,1001.1,998.9,1000.2,4509
"1971-08-13",1000.8,1001.8,999.1,999.2,4437
"1971-08-14",998.8,998.8,996.3,998.5,4036
"1971-08-15",999.3,1000.3,999,999.6,4159
"1971-08-16",999.8,1000.8,998.6,999,3798
"1971-08-17",998.3,1006.3,998.1,1006,7704
"1971-08-18",1005.2,1005.8,1002.5,1003.9,5117
"1971-08-19",1003.3,1007.1,1002.3,1004.4,6916
"1971-08-20",1004.1,1005.5,1002.6,1003,5317
"1971-08-21",1002.3,1003.3,1001.3,1001.5,3983
"1971-08-22",1001.3,1001.5,993.3,994,9517
"1971-08-23",994.8,997.2,992.6,996.5,7686
"1971-08-24",996.8,997.6,991.3,992.9,7307
"1971-08-25",993.3,994.3,990.7,991.6,6198
"1971-08-26",990.5,992.8,990.5,992.2,4286
"1971-08-27",992.8,995.3,992.4,993.2,3971
"1971-08-28",992.8,996.2,992.8,995.4,3050
"1971-08-29",995,997.1,993.8,994.1,3233
"1971-08-30",993.3,993.8,986.6,989,6831
"1971-08-31",989.3,991.3,987.5,990.2,4495
"1971-09-01",989.8,991.8,988.2,991.6,3280
"1971-09-02",991.8,992.6,990.3,991.8,1551
"1971-09-03",991.3,992.8,989.8,992.6,2534
"1971-09-04",993.3,993.6,991.1,991.7,3469
"1971-09-05",990.8,995.8,989.6,995.5,4280
"1971-09-06",994.8,995.3,991.9,992.6,3054
"1971-09-07",993.3,994.8,993.3,993.9,2660
"1971-09-08",994.6,995.2,992.8,993.1,2409
"1971-09-09",992.3,992.8,991.5,991.9,3241
"1971-09-10",991.8,993.5,991.8,992.5,5144
"1971-09-11",993.3,994.5,993.3,994.1,2407
"1971-09-12",991.3,991.3,987.6,989.6,3715
"1971-09-13",990.8,992.9,990.8,992.7,3837
"1971-09-14",993.3,995.7,992.4,994.7,5331
"1971-09-15",994.3,995.3,992.5,993.6,2930
"1971-09-16",993.1,993.8,992.4,992.7,2822
"1971-09-17",992.1,993.8,991.6,993,3700
"1971-09-18",992.3,992.6,991.3,992.2,3103
"1971-09-19",991.6,991.9,988.8,989.1,4123
"1971-09-20",988.5,989.1,987.5,987.9,3689
"1971-09-21",986.8,987,982.2,985.1,6537
"1971-09-22",984.8,986.8,983.3,983.8,4207
"1971-09-23",983.8,984.3,981.8,984.2,3689
"1971-09-24",985.3,985.4,984.1,985.2,2011
"1971-09-25",984.4,986.1,983.5,985.6,2860
"1971-09-26",984.8,984.8,982.3,982.6,2825
"1971-09-27",982,982.8,981,982.6,3279
"1971-09-28",982.6,983.8,982.5,983.4,2897
"1971-09-29",983.8,984,981.5,982.4,3473
"1971-09-30",982.4,984,982.4,983.8,3300
"1971-10-01",983.6,983.9,982.8,983.4,3115
"1971-10-02",982.9,983.1,982.1,982.7,1041
"1971-10-03",982.2,982.2,981,981.1,1108
"1971-10-04",980.7,981.4,980.4,981.1,1881
"1971-10-05",980.4,981.5,980,981,1830
"1971-10-06",980.4,980.8,978,978.2,1775
"1971-10-07",978.4,978.4,976.4,977.8,1854
"1971-10-08",977.9,979.6,977.9,979.5,1728
"1971-10-09",978.9,979.8,978.7,979.5,2461
"1971-10-10",978,979.3,976.9,979.2,1581
"1971-10-11",979.9,983.5,979.7,983.5,2445
"1971-10-12",983.3,986.4,982.5,986.4,1881
"1971-10-13",985.4,985.4,983.2,984.5,1903
"1971-10-14",983.9,987.9,983.7,987.8,2269
"1971-10-15",986.9,990.5,986.5,988.7,2427
"1971-10-16",987.9,988.9,986.4,987.4,1533
"1971-10-17",987.9,988.7,987.2,987.4,1719
"1971-10-18",986.4,989.4,985.9,989.2,1697
"1971-10-19",988.9,992.4,988.5,991.5,2358
"1971-10-20",991.4,993.4,991.4,993.3,2145
"1971-10-21",991.9,991.9,988.1,989.5,2385
"1971-10-22",988.4,988.8,985.6,985.9,2177
"1971-10-23",985.9,987.9,985.9,987.6,2667
"1971-10-24",987.8,988.9,987.2,988.6,1950
"1971-10-25",987.9,988.1,987.2,988,1677
"1971-10-26",986.4,986.4,984.4,984.5,1792
"1971-10-27",983.4,985.5,983.4,985.4,1147
"1971-10-28",985.4,987.2,985.4,986.7,1002
"1971-10-29",987.4,988.9,986.6,988.8,1832
"1971-10-30",988.9,990.1,987.7,989.4,1273
"1971-10-31",989.3,989.5,988.4,988.9,1225
"1971-11-01",988.4,991.9,987.9,991.1,2128
"1971-11-02",991.4,991.4,989.7,990.2,2052
"1971-11-03",989.4,989.4,988.2,988.5,2076
"1971-11-04",989.4,990.4,989,989.3,1764
"1971-11-05",989.6,991.4,989.2,990.8,1837
"1971-11-06",992.4,994.4,992.4,994.4,3068
"1971-11-07",991.5,992.4,987.1,987.8,3628
"1971-11-08",986.9,988.9,986.4,988.3,1310
"1971-11-09",987.4,987.8,986.2,987.3,1236
"1971-11-10",986.9,987.4,986.5,987,2063
"1971-11-11",987.9,988.4,987.4,988.2,1987
"1971-11-12",987.9,989.4,987.9,989.1,3228
"1971-11-13",988.7,989.4,988.2,988.8,4007
"1971-11-14",989.2,992.5,989.2,992.4,4748
"1971-11-15",993.9,993.9,991.1,992.1,4588
"1971-11-16",993.4,993.7,992.4,993.6,4617
"1971-11-17",993.4,994.9,993.4,994.6,5078
"1971-11-18",994.2,994.2,992.8,993.5,3968
"1971-11-19",997.7,998.9,996.2,996.3,5548
"1971-11-20",996.7,996.8,994.7,996,4050
"1971-11-21",994.7,999.6,993,999,8867
"1971-11-22",999.2,1001.2,997.7,1000.8,6357
"1971-11-23",1000.7,1002.7,999.2,1002.2,4789
"1971-11-24",1002.2,1003.4,1000.7,1000.8,7237
"1971-11-25",999.7,999.7,997.7,997.8,5564
"1971-11-26",997.2,1002.2,996.2,996.9,7058
"1971-11-27",996.2,997.2,994.2,996.9,5877
"1971-11-28",996.7,998.4,995.4,996.6,5532
"1971-11-29",997.9,999.7,997.9,999.5,4784
"1971-11-30",1002.5,1004.2,1001.9,1003.4,5850
"1971-12-01",1003.7,1007,1002.7,1005.9,6856
"1971-12-02",1004.7,1014.7,1004.7,1012.6,7133
"1971-12-03",1015.7,1017.7,1014.2,1016.6,6008
"1971-12-04",1013.7,1013.7,1010.7,1011.3,6718
"1971-12-05",1006.7,1010.2,1004.7,1005.8,8931
"1971-12-06",1006.7,1011.5,1006.2,1010.9,5924
"1971-12-07",1010.9,1013.5,1009.2,1013.1,4036
"1971-12-08",1012.7,1014.7,1008.7,1009,5369
"1971-12-09",1009.2,1010.2,1002.2,1002.5,7533
"1971-12-10",1001.2,1001.7,996.2,998,7668
"1971-12-11",998.7,1002.2,998.7,1001,5494
"1971-12-12",1000.2,1000.8,998,1000.3,3023
"1971-12-13",999.7,1001.1,998.7,1000.3,4141
"1971-12-14",999.2,999.2,994,994.8,4602
"1971-12-15",994.2,996,992.2,995,5157
"1971-12-16",995.2,997.7,995.2,997.5,2960
"1971-12-17",997.7,998.6,995.5,996.4,2601
"1971-12-18",997.2,997.7,995.8,997.5,3458
"1971-12-19",998.7,999.1,997.9,998.9,2285
"1971-12-20",1000.7,1000.7,997.9,998.8,2484
"1971-12-21",999.2,999.2,995.7,996.3,4896
"1971-12-22",995.2,997,994.7,996.4,5919
"1971-12-23",996.7,1000.4,996.7,999.8,4794
"1971-12-24",999.8,1001.3,999.3,999.7,4560
"1971-12-25",999.8,1000.1,997.3,998.7,4487
"1971-12-26",998.8,999.5,997.3,999.4,3875
"1971-12-27",999.8,1004.3,999.8,1003.8,5948
"1971-12-28",1006.8,1007.6,1004.8,1007.3,6582
"1971-12-29",1006.3,1006.3,1004.3,1005.7,3477
"1971-12-30",1005.8,1007.3,1002.9,1003,5229
"1971-12-31",1002.5,1003.5,1001.4,1003.4,4416
"1972-01-01",1004.4,1006.1,1003.8,1003.9,5224
"1972-01-02",1004.3,1005.5,1003.4,1004.7,2835
"1972-01-03",1005.9,1006.6,1005,1006.2,4293
"1972-01-04",1010.3,1010.5,1008.3,1009.9,4759
"1972-01-05",1009.8,1010,1007.8,1009.5,5081
"1972-01-06",1008.3,1009.1,1007.3,1007.4,3886
"1972-01-07",1006.8,1007.5,1004.6,1006.7,4089
"1972-01-08",1006.8,1007.3,1004.3,1004.7,3262
"1972-01-09",1004.3,1004.3,1002.1,1002.4,3041
"1972-01-10",1002.3,1002.9,1001.6,1001.7,3589
"1972-01-11",997.8,1003.5,997.8,1002.2,4279
"1972-01-12",1003.1,1003.3,1001.5,1002.1,2418
"1972-01-13",1002.3,1002.8,1001.4,1001.6,3422
"1972-01-14",1000.3,1000.3,998.3,998.6,5159
"1972-01-15",998.8,999.9,998.3,999.4,4063
"1972-01-16",999.3,1000.5,998.9,999.9,4339
"1972-01-17",1000.8,1001.8,1000.5,1001.5,3328
"1972-01-18",1001.5,1002.8,1001.1,1001.9,3220
"1972-01-19",1001.4,1002,1001.2,1001.4,2437
"1972-01-20",1000.8,1001.8,1000.3,1001.5,3666
"1972-01-21",1001.8,1003,1001.5,1002.8,3926
"1972-01-22",1004.3,1006.8,1004.3,1006.6,5239
"1972-01-23",1006.8,1007,1005.4,1006,5402
"1972-01-24",1004.3,1004.6,1003,1004.5,4840
"1972-01-25",1004.6,1005.3,1003.4,1004.2,4366
"1972-01-26",1004.8,1005.4,1003.5,1005,3852
"1972-01-27",1006.8,1008,1005,1005.2,5002
"1972-01-28",1004.8,1005.5,1004,1005.4,3634
"1972-01-29",1005.8,1007.1,1002.8,1003,6054
"1972-01-30",1003.1,1004.4,1003,1004,2827
"1972-01-31",1003.3,1003.3,1000,1000.2,5767
"1972-02-01",999.8,999.8,998,999.5,5353
"1972-02-02",999.9,1002.3,999.9,1002.1,3962
"1972-02-03",1003.1,1005,1002.8,1003.4,5311
"1972-02-04",1002.9,1003.3,1001.2,1003,3834
"1972-02-05",1002.8,1006.2,1002.7,1006,4861
"1972-02-06",1008,1009.8,1007,1007.2,5889
"1972-02-07",1007.6,1008.3,1006,1006.3,5577
"1972-02-08",1010.3,1010.3,1007.9,1010.2,5927
"1972-02-09",1008.4,1009.5,1005,1006.2,5169
"1972-02-10",1007.4,1012.3,1007.3,1010.2,5949
"1972-02-11",1009.3,1010.1,1007.9,1008,4024
"1972-02-12",1006.3,1006.3,1004.1,1005,4589
"1972-02-13",1005.8,1009.6,1005.8,1009.3,3654
"1972-02-14",1010.3,1012.8,1009.5,1010.3,4846
"1972-02-15",1010.8,1012.3,1010.8,1011.2,3490
"1972-02-16",1009.8,1015.7,1008.8,1015.2,5101
"1972-02-17",1015.8,1016.3,1012.3,1014,4939
"1972-02-18",1015.3,1018.3,1014,1014.2,4072
"1972-02-19",1013.3,1016.3,1011.9,1016.1,5127
"1972-02-20",1013.3,1014.8,1011.3,1011.3,4331
"1972-02-21",1012.3,1012.3,1009.4,1011.3,6202
"1972-02-22",1011.3,1012.7,1010.3,1010.8,5925
"1972-02-23",1010.6,1011.4,1009.6,1009.9,5118
"1972-02-24",1009.1,1010.3,1005.9,1007,7786
"1972-02-25",1003.6,1009.3,1003.6,1009,6213
"1972-02-26",1010.1,1011.6,1009.6,1009.9,4066
"1972-02-27",1010.6,1010.8,1009.1,1009.5,4333
"1972-02-28",1008.2,1010.4,1006.7,1006.9,4432
"1972-02-29",1007.4,1007.6,1005.4,1006.3,4967
"1972-03-01",1005.6,1006.1,1002.6,1004,6542
"1972-03-02",1003.6,1005.3,1002.4,1002.7,4629
"1972-03-03",1002.6,1004.1,1001.3,1002.9,6200
"1972-03-04",1003.6,1005,1003.1,1004.6,3494
"1972-03-05",1005.6,1006,1004.4,1004.8,3823
"1972-03-06",1004.6,1005.3,1003.6,1005.1,2990
"1972-03-07",1006.6,1008.4,1006.2,1007.8,4996
"1972-03-08",1008.6,1009.8,1007.3,1008.9,5659
"1972-03-09",1012.1,1012.1,1009.9,1010.1,5565
"1972-03-10",1010.1,1011,1009.6,1010.5,3820
"1972-03-11",1011.6,1013.1,1011.6,1013,4794
"1972-03-12",1012.1,1012.6,1010.7,1011.2,5109
"1972-03-13",1011.6,1012.6,1011.6,1012,5257
"1972-03-14",1011.6,1012,1009.9,1010.4,4362
"1972-03-15",1010.1,1010.4,1009.2,1009.8,3819
"1972-03-16",1009.1,1010.3,1007.7,1008,3334
"1972-03-17",1007.1,1007.5,1004.1,1004.5,7573
"1972-03-18",1004.6,1006.1,1004.4,1005.7,3189
"1972-03-19",1005.6,1006.5,1004.7,1005.6,4254
"1972-03-20",1005.4,1008.6,1005.4,1008.4,4210
"1972-03-21",1007.8,1009.8,1006.1,1007.7,4247
"1972-03-22",1006.1,1006.1,1003.7,1004,5384
"1972-03-23",1003.6,1005.1,1002.8,1005,4192
"1972-03-24",1004.6,1005.3,1002.8,1002.9,3031
"1972-03-25",1001.6,1002.1,999.4,1000,4670
"1972-03-26",1000.9,1002.1,1000.9,1001.5,3588
"1972-03-27",1002.2,1003,1000,1000.1,4862
"1972-03-28",999.6,1000.1,998.6,999.9,3870
"1972-03-29",1000.1,1000.1,999,999.3,1974
"1972-03-30",999.1,999.6,998.6,999.1,2992
"1972-03-31",999.7,1001.1,998.5,1000.5,3998
"1972-04-01",1000.5,1001.4,1000.1,1000.5,4458
"1972-04-02",1000.1,1000.7,999,999.1,5346
"1972-04-03",999.1,1001.1,997.6,997.8,7760
"1972-04-04",996.1,997.3,994.1,994.5,5702
"1972-04-05",994,995.4,993.5,993.8,6016
"1972-04-06",994.8,999.2,994.8,997.1,7173
"1972-04-07",998.2,999,997.1,998.8,4743
"1972-04-08",999.7,1001.2,999.5,1001.1,6125
"1972-04-09",1000.7,1000.7,996.5,996.7,7397
"1972-04-10",995.7,996.5,992.9,993.8,11662
"1972-04-11",994.4,995.4,993.9,994.8,6541
"1972-04-12",995.2,996.7,994.7,996.6,5180
"1972-04-13",997.5,997.7,993.9,994.2,5198
"1972-04-14",993.7,994.2,992.2,993.3,5225
"1972-04-15",993.7,994.2,992.3,993.9,4306
"1972-04-16",993.7,994.2,992.4,992.7,4679
"1972-04-17",992.7,996.7,992.5,996.3,5944
"1972-04-18",996.1,996.7,994.4,994.5,3553
"1972-04-19",994.7,996.6,994.3,996.3,3934
"1972-04-20",997.2,998.2,996.2,997.9,5963
"1972-04-21",997.7,999.3,996.5,998.4,6342
"1972-04-22",998.4,998.8,996,996.1,4971
"1972-04-23",996.7,997.2,995.7,996.4,3521
"1972-04-24",997,998,995.3,997.8,5698
"1972-04-25",996.7,998,996.3,996.6,5228
"1972-04-26",996.7,998.5,996.7,998,4233
"1972-04-27",997.2,997.9,996.4,997.1,4108
"1972-04-28",997.2,998.5,997.2,998,4813
"1972-04-29",998,998.7,997.5,997.8,4625
"1972-04-30",997.2,1001.5,996.8,1001.3,7529
"1972-05-01",1001.2,1005.1,1000.5,1002.6,7788
"1972-05-02",1002.2,1005.6,1001.4,1004.1,7230
"1972-05-03",1006.2,1011.9,1004.7,1006.4,7155
"1972-05-04",1006.2,1006.7,1004.2,1004.9,5632
"1972-05-05",1004.7,1008.9,1004.7,1007.6,4424
"1972-05-06",1010.2,1014.2,1010.2,1012.8,4916
"1972-05-07",1014.2,1020.2,1010.7,1019.5,6160
"1972-05-08",1017.2,1021.2,1016.2,1017.7,3867
"1972-05-09",1017.2,1023.2,1014.7,1017.2,6312
"1972-05-10",1018.2,1026.7,1018.2,1024.4,5835
"1972-05-11",1027.2,1029.7,1025.2,1027.7,6537
"1972-05-12",1037.7,1037.7,1031.7,1035.5,6165
"1972-05-13",1033.2,1034.2,1028.9,1031.2,4891
"1972-05-14",1031.7,1032.2,1025.2,1028.7,5598
"1972-05-15",1030.2,1030.2,1018.7,1018.7,5472
"1972-05-16",1017.7,1018.7,1008.7,1008.7,6825
"1972-05-17",1001.2,1006.5,999.3,1000.4,3272
"1972-05-18",1001.6,1006.1,1001.6,1005.3,5153
"1972-05-19",1006.6,1007.1,1004.6,1006.7,5775
"1972-05-20",1006.1,1014.1,1006.1,1013.4,4216
"1972-05-21",1013.1,1014.1,1010.3,1012.3,4372
"1972-05-22",1011.6,1014.5,1011.1,1012.8,2812
"1972-05-23",1011.6,1012.6,1005.8,1007.3,4412
"1972-05-24",1006.6,1009.1,1004.7,1008.9,3381
"1972-05-25",1006.1,1007.6,1001.2,1001.9,4665
"1972-05-26",1000.1,1006.1,1000.1,1005.5,3608
"1972-05-27",1006.6,1009.1,1003.2,1005.1,3144
"1972-05-28",1005.6,1006.6,1004.6,1005.9,3094
"1972-05-29",1008.1,1009.1,1007.6,1008.3,2739
"1972-05-30",1007.6,1008.1,1004.1,1004.9,3883
"1972-05-31",1005.1,1009.1,1004.6,1008.9,3312
"1972-06-01",1010.1,1010.1,1004.6,1005.8,3888
"1972-06-02",1004.1,1004.8,1001.4,1004.4,3795
"1972-06-03",1003.1,1003.1,1000.8,1001.9,3980
"1972-06-04",1001.6,1003.5,999.2,1002.8,3032
"1972-06-05",1004.1,1004.6,997.1,997.4,4066
"1972-06-06",996.1,996.1,989.9,991.2,4832
"1972-06-07",993.1,993.6,991.6,992.1,2967
"1972-06-08",993,994,992.5,993.2,2367
"1972-06-09",994.2,994.2,992.2,993.1,884
"1972-06-10",992.8,993,991.8,992.9,1634
"1972-06-11",991.5,992,988.8,988.9,2237
"1972-06-12",989.2,990.3,988.6,988.9,1073
"1972-06-13",989,990.4,988.2,990,1514
"1972-06-14",991.5,991.5,990,991,1587
"1972-06-15",991.5,992,990.7,991.8,1473
"1972-06-16",988.1,988.1,985.5,986.9,1595
"1972-06-17",987.8,994,987.5,992.7,1996
"1972-06-18",992,992,989,989.2,2329
"1972-06-19",988,992,987.7,991.9,2946
"1972-06-20",991,992.5,990.2,992.1,1781
"1972-06-21",990.5,991.5,990,990.9,1879
"1972-06-22",991,994.2,990.6,994.2,2018
"1972-06-23",994.8,994.8,992.2,992.4,2344
"1972-06-24",992,992.5,991,992.5,1542
"1972-06-25",992.6,993.5,992,993.2,1376
"1972-06-26",993,993.3,991,991.7,1641
"1972-06-27",991.7,991.7,989.2,990.9,1592
"1972-06-28",990,993.2,990,991.9,2853
"1972-06-29",993.5,994,991.5,991.6,3130
"1972-06-30",991.3,992.3,991,992.2,1825
"1972-07-01",992.1,992.3,985.4,986.8,2657
"1972-07-02",986.8,988.9,986.2,988.8,1312
"1972-07-03",988.6,988.6,986.1,986.5,1275
"1972-07-04",985.6,986.9,984.6,985.9,1249
"1972-07-05",985.4,987.3,984.7,987.2,1425
"1972-07-06",986.4,987.1,985.1,985.2,1549
"1972-07-07",985.1,986.9,984.9,986.8,2039
"1972-07-08",987.6,996.8,987.6,996.8,2686
"1972-07-09",995.6,995.6,988.6,988.7,2063
"1972-07-10",988.1,992.6,987.6,990,2215
"1972-07-11",993.6,998.1,990.9,991.3,2272
"1972-07-12",990.6,992.6,989.2,989.9,2411
"1972-07-13",992.1,995.1,991.4,992,1852
"1972-07-14",991.1,993.3,990.9,993.1,1892
"1972-07-15",993.6,993.6,991.1,991.7,1411
"1972-07-16",991.6,991.6,988.9,989.3,2272
"1972-07-17",988.8,990.9,988.2,989.3,2752
"1972-07-18",993.1,999.3,992.8,998.9,2564
"1972-07-19",996.1,997.1,993.3,993.5,1845
"1972-07-20",995,1001.5,995,996.5,7338
"1972-07-21",999.5,999.5,990,993.8,7986
"1972-07-22",992.1,994.4,991.3,993.2,5578
"1972-07-23",993,994.2,991.7,992.1,4351
"1972-07-24",993,993,990.7,992.2,3292
"1972-07-25",990.5,990.5,988.5,988.8,5447
"1972-07-26",989.8,990.5,985.3,985.8,7476
"1972-07-27",986.5,987.9,984,986.2,6735
"1972-07-28",986.5,986.5,984.3,984.4,4703
"1972-07-29",984.5,984.9,983.3,983.6,5538
"1972-07-30",983,983.2,979.3,979.4,8792
"1972-07-31",979,981,978,980.4,7128
"1972-08-01",980.6,981.5,980.1,981.4,2407
"1972-08-02",981.5,982.2,980.6,981.5,3361
"1972-08-03",981.5,982.5,980.5,980.8,3986
"1972-08-04",979.5,979.5,978,978.8,4841
"1972-08-05",979.2,979.3,976.1,976.4,4664
"1972-08-06",976.3,976.3,973.7,975.4,5425
"1972-08-07",976,976.8,974.8,976.4,3649
"1972-08-08",976,976.1,973.5,974.4,4713
"1972-08-09",973,976,972.5,974.4,3926
"1972-08-10",974.8,975.7,974.4,975.1,3415
"1972-08-11",976.3,978.9,975.6,978.1,4402
"1972-08-12",978,978,974.7,975.7,3743
"1972-08-13",975.5,978.7,975,978,4040
"1972-08-14",978.5,980.4,978.3,978.6,3594
"1972-08-15",980.2,980.2,977.8,978.6,3985
"1972-08-16",978.5,979.7,977.3,978.4,2787
"1972-08-17",979,979.5,978.4,979.3,2547
"1972-08-18",979.5,980.5,979.5,980.4,3191
"1972-08-19",980.7,986,980.5,985.3,4333
"1972-08-20",984.5,986.3,983.6,984.7,4818
"1972-08-21",986.3,988.2,986,988.1,3503
"1972-08-22",987.5,991.5,987.5,991.4,3957
"1972-08-23",992,992.8,989.3,992.3,3788
"1972-08-24",990.5,991,989,990.1,1792
"1972-08-25",990,991.5,988.7,990.8,2409
"1972-08-26",992.5,994.3,991.6,993.9,3985
"1972-08-27",994.5,995,992.7,994.1,2464
"1972-08-28",993.7,993.7,988,988.8,3096
"1972-08-29",989,990.5,988.5,990.4,1899
"1972-08-30",991.5,992,988.2,988.8,2942
"1972-08-31",988.5,989.7,987,989.6,3017
"1972-09-01",991,993,991,992.3,1987
"1972-09-02",993.6,993.6,991.1,991.9,2698
"1972-09-03",991.1,993.1,989.7,992.9,1798
"1972-09-04",991.1,992.6,989.9,990.9,1664
"1972-09-05",989.9,989.9,986.1,986.2,4255
"1972-09-06",985.8,985.8,983.1,985.4,3125
"1972-09-07",984.6,984.6,983.3,983.8,2397
"1972-09-08",986.1,986.6,984.7,985.5,2703
"1972-09-09",985.1,985.1,983.7,984.7,2912
"1972-09-10",985.6,986.6,985.2,985.9,2946
"1972-09-11",984.6,986.6,984.4,986.1,2913
"1972-09-12",985.6,985.6,983.7,984.2,2304
"1972-09-13",984.3,985.8,984.3,985.3,2171
"1972-09-14",985.3,985.7,984.4,985.3,1840
"1972-09-15",984.6,985.1,984.1,984.4,1682
"1972-09-16",985.1,985.1,983.4,983.8,1636
"1972-09-17",983.6,983.9,979.4,980.4,3299
"1972-09-18",980.7,982.5,978.6,979.2,3672
"1972-09-19",979.1,979.6,978.1,979.3,4906
"1972-09-20",977.9,978.9,976.9,977.8,3370
"1972-09-21",978.1,980.5,977.7,980.2,4583
"1972-09-22",978.9,979.4,976.9,977.4,4768
"1972-09-23",967.4,968.6,967.4,967.4,6426
"1972-09-24",965.9,974.9,965.9,973.8,5135
"1972-09-25",972.4,975.9,972.4,975.6,4180
"1972-09-26",974.4,975.8,973.7,975.7,2968
"1972-09-27",976.4,977.9,976.1,977.5,4525
"1972-09-28",976.4,980.1,976.3,978.3,5468
"1972-09-29",978.1,985.9,977.2,984.9,6066
"1972-09-30",983.9,985.4,980.6,981.9,6697
"1972-10-01",980.9,982.8,978,978.8,3733
"1972-10-02",977.9,978.9,976.4,978.3,3158
"1972-10-03",978.8,981.7,978.6,981.4,3105
"1972-10-04",979.9,980.5,978.5,978.8,2041
"1972-10-05",979.4,979.9,976.5,976.8,2801
"1972-10-06",976.4,978.5,976,976.5,2121
"1972-10-07",976.9,977.9,975.4,975.5,2164
"1972-10-08",976.9,978.4,975.9,976.2,3064
"1972-10-09",975.4,978.2,975.4,978,1977
"1972-10-10",978.4,978.9,977.1,977.3,2615
"1972-10-11",977.9,979.9,977.9,979.5,2838
"1972-10-12",978.4,978.9,977.9,978,2517
"1972-10-13",978.9,979.9,976.6,976.7,4200
"1972-10-14",976.9,978,976.2,977.9,3383
"1972-10-15",978.4,978.7,975.9,976.3,2720
"1972-10-16",976.2,976.9,975.7,976.3,2014
"1972-10-17",974.4,974.6,972.9,973.6,2694
"1972-10-18",973.2,973.7,971.5,972.2,3403
"1972-10-19",972.4,972.4,971.4,971.7,1764
"1972-10-20",971.2,971.4,968.4,968.7,3773
"1972-10-21",968.9,969.9,968.9,969.7,2014
"1972-10-22",969.9,970.9,969.4,970,2645
"1972-10-23",969.5,969.7,967.4,968.6,2716
"1972-10-24",968.4,969.9,968.2,968.5,2809
"1972-10-25",968.6,969,967.1,967.5,2940
"1972-10-26",967.4,968.4,966.4,968.3,3178
"1972-10-27",967.4,968.1,966.2,966.6,4756
"1972-10-28",963.4,965.5,963.4,963.9,4580
"1972-10-29",964,964.5,963.3,964.4,2825
"1972-10-30",965,966.1,964.9,965.7,4448
"1972-10-31",965.1,966,964.6,965,3079
"1972-11-01",965.3,966.5,963.8,964.1,4617
"1972-11-02",963.9,964.8,962.5,962.7,3177
"1972-11-03",962.5,962.5,959.6,961.1,5155
"1972-11-04",961,961.4,960.1,960.3,3291
"1972-11-05",960.7,961.4,960,961.2,3090
"1972-11-06",961,961,959.3,959.7,3345
"1972-11-07",959.6,960,959.2,959.6,3033
"1972-11-08",958.8,959,957.1,958,3509
"1972-11-09",958.3,958.8,957.8,958.5,2370
"1972-11-10",959.4,959.7,959,959.3,2735
"1972-11-11",960,960.5,957.8,957.9,4394
"1972-11-12",957.5,957.5,956.4,956.7,2912
"1972-11-13",956.2,957,954,954.1,3837
"1972-11-14",954.1,955,953,953.1,2294
"1972-11-15",953,953,950.8,951.2,4245
"1972-11-16",950,950,945.3,948.4,5775
"1972-11-17",949.5,949.5,946.8,948,3795
"1972-11-18",947.5,948.3,945.2,945.9,3263
"1972-11-19",945.5,945.5,943,944.6,3852
"1972-11-20",943.5,946,942.6,945,3644
"1972-11-21",946,948.3,945.5,947.2,3919
"1972-11-22",947.5,948.8,947,947.9,2540
"1972-11-23",948,949,948,948.8,2340
"1972-11-24",950,951.2,949.7,951.1,3338
"1972-11-25",950.5,950.7,949.6,949.8,3469
"1972-11-26",949.5,949.7,948.5,949.4,2897
"1972-11-27",949.5,949.7,947.1,947.6,2741
"1972-11-28",947,948.3,946,948.3,4727
"1972-11-29",949.3,950.9,949.3,950.4,2984
"1972-11-30",950,950,948.3,948.4,3489
"1972-12-01",947,948.3,946.8,948,2624
"1972-12-02",947,950,946.9,949.8,2696
"1972-12-03",949.7,950.7,948.7,949.7,3411
"1972-12-04",949.5,952,949.2,950.2,4324
"1972-12-05",950.2,950.9,950.2,950.7,2466
"1972-12-06",953,953.5,952.3,953,3433
"1972-12-07",951.5,952,949.8,949.9,4657
"1972-12-08",949.5,950.4,946.8,948.3,7118
"1972-12-09",947,948.7,947,948.4,5698
"1972-12-10",948.1,949.2,947.4,948,4715
"1972-12-11",947.6,949.2,947.3,949,3627
"1972-12-12",950.1,954.5,950.1,954.3,7738
"1972-12-13",954.1,955.1,952.8,953.4,5466
"1972-12-14",953.8,953.8,952,952.8,4919
"1972-12-15",953.3,955.5,953.1,954.2,7235
"1972-12-16",953.8,954.1,952.5,953.4,4009
"1972-12-17",950.8,951.8,948.8,948.9,5844
"1972-12-18",949.1,950.6,949.1,950.4,3750
"1972-12-19",950.3,951,949.8,950.2,3909
"1972-12-20",949.7,950.7,948.8,950.2,4330
"1972-12-21",949.3,949.8,948.1,948.3,5466
"1972-12-22",947.5,949,947.5,948.4,4688
"1972-12-23",948.8,949.8,948.4,949.6,3131
"1972-12-24",949.5,950,948.2,948.6,4792
"1972-12-25",948.9,949.7,948.6,949.2,4255
"1972-12-26",948.8,949.3,948.1,948.8,3798
"1972-12-27",948.8,949,948.3,948.9,3078
"1972-12-28",949.3,950.6,948.5,949.2,5391
"1972-12-29",948.3,948.6,947.3,947.3,5979
"1972-12-30",946.3,947,945.8,946.8,5472
"1972-12-31",946.6,947.3,944.4,944.6,5757
"1973-01-01",944.6,945.1,943.3,945,5582
"1973-01-02",945.1,945.9,944.8,945.9,2665
"1973-01-03",945.8,946,945.2,945.6,2488
"1973-01-04",945.1,945.5,944.9,945.4,1371
"1973-01-05",945.6,946.9,945.6,946.8,3538
"1973-01-06",946.8,947.2,946.3,946.7,2822
"1973-01-07",947.2,948.5,946.9,947.9,3785
"1973-01-08",947.3,947.3,946.5,946.7,2473
"1973-01-09",947,947.7,946.3,947.6,2978
"1973-01-10",947.8,948.6,947.7,948.6,4147
"1973-01-11",948.8,951.8,948,948.2,8462
"1973-01-12",948.3,949.8,948.3,949.2,3880
"1973-01-13",949.3,950.3,948.7,948.7,3461
"1973-01-14",949.3,949.7,948.4,948.9,2400
"1973-01-15",949.6,950.8,949.6,950.7,4222
"1973-01-16",950.5,951.1,950.1,950.8,5244
"1973-01-17",950.9,953.7,950.9,953.6,9249
"1973-01-18",953.3,954.3,952.6,953.1,4887
"1973-01-19",952.8,953.6,952.4,953.5,7394
"1973-01-20",953.8,955.8,953.8,955.7,6820
"1973-01-21",955.3,957.8,955.2,957.5,8023
"1973-01-22",958.2,966,958.2,965.3,7946
"1973-01-23",963.5,965.5,962,965.3,6912
"1973-01-24",969,974.3,969,969.7,7136
"1973-01-25",969.5,973,967.2,972.6,6658
"1973-01-26",969,970.3,965.6,965.9,7569
"1973-01-27",968.5,973.2,968.5,970.2,6688
"1973-01-28",974,978,973.6,976.1,6831
"1973-01-29",986.1,986.1,986.1,986.1,2564
"1973-01-30",993,993,981.5,985,9477
"1973-01-31",987,990,984,989.7,5043
"1973-02-01",993,995,988,991.5,5544
"1973-02-02",987.5,990.5,986.5,987.7,4301
"1973-02-03",981,983,977.7,977.7,3945
"1973-02-04",975.5,978.2,972.5,973.3,4707
"1973-02-05",975,979.5,975,979.3,3738
"1973-02-06",988,988,971.5,972.3,8029
"1973-02-07",973,974.2,968.3,969,5280
"1973-02-08",966.5,973.5,966.5,972.9,4048
"1973-02-09",974.5,977,974,976.8,4211
"1973-02-10",976,979.5,975.5,976.2,6970
"1973-02-11",981,988.4,980,986.2,7405
"1973-02-12",987.2,992.2,984.2,991.4,6404
"1973-02-13",985.2,985.2,981.4,982.1,4369
"1973-02-14",981.2,985.1,980.2,984.7,4587
"1973-02-15",986.2,987.7,984.6,985.4,5576
"1973-02-16",986.2,986.2,982.2,983,4806
"1973-02-17",983.6,984.7,981.5,983.5,3649
"1973-02-18",981.7,981.7,978.2,979.9,3260
"1973-02-19",981.2,989.7,981.2,987,4356
"1973-02-20",985.7,986.7,984.2,985.2,1943
"1973-02-21",983.3,986.1,981.3,982.2,2962
"1973-02-22",980.2,980.2,976.3,977.7,3182
"1973-02-23",976.2,979.5,976.2,979,2024
"1973-02-24",979,980.2,978.3,979.6,1365
"1973-02-25",980.2,981.2,978.6,979.1,2220
"1973-02-26",979.7,983.7,979.5,983.5,2298
"1973-02-27",983.2,983.7,981.2,982.4,1606
"1973-02-28",982.2,988.2,982.2,987.8,2949
"1973-03-01",987.7,990.7,987.4,989.4,4319
"1973-03-02",989.4,990,987.2,987.7,4935
"1973-03-03",986.7,989.7,986.4,988.4,5663
"1973-03-04",989.7,997.2,989.7,997.2,4346
"1973-03-05",996.9,1001.8,994.9,1001.6,6266
"1973-03-06",1000.4,1001.4,998.7,1001,5570
"1973-03-07",1000.9,1000.9,996.9,998.3,5492
"1973-03-08",997.9,1001.9,997.9,1001.5,4226
"1973-03-09",1003.9,1008.4,1003.9,1007.1,3249
"1973-03-10",1006.9,1007.9,1004.4,1007.1,3654
"1973-03-11",1007.4,1007.9,1006.2,1006.8,3178
"1973-03-12",1006.1,1007.9,1005.9,1007.8,1442
"1973-03-13",1009.9,1013.4,1003.2,1003.9,5425
"1973-03-14",1005.4,1005.9,1002.5,1003.2,2502
"1973-03-15",1003.9,1009.9,1002.5,1009.7,3871
"1973-03-16",1010.4,1013.9,1009.4,1010.6,3523
"1973-03-17",1010.9,1011.9,1008.9,1011.6,2880
"1973-03-18",1012.4,1018.7,1012.4,1018.1,3828
"1973-03-19",1020.9,1020.9,1017.4,1017.6,3505
"1973-03-20",1017.9,1019.9,1015,1019.1,3698
"1973-03-21",1019.4,1019.4,1014.9,1015.1,4170
"1973-03-22",1013.9,1013.9,1009.9,1010,4256
"1973-03-23",1008.4,1008.4,1000,1000,5071
"1973-03-24",997.9,1000.9,992.4,999.2,7872
"1973-03-25",999.9,1001.9,998.6,1001.1,4856
"1973-03-26",1002.1,1002.7,999.5,1001,7334
"1973-03-27",999.9,1000,995.5,995.7,10205
"1973-03-28",993.5,999.7,993.5,999.5,8137
"1973-03-29",1000.7,1006.5,1000.7,1006.4,9443
"1973-03-30",1006.5,1008,1004.6,1006.1,9311
"1973-03-31",1008,1009.5,1006.5,1006.9,7345
"1973-04-01",1007.5,1008.2,1005.8,1006.9,6250
"1973-04-02",1008,1009.2,1006.6,1006.8,5246
"1973-04-03",1016.8,1016.8,1016.8,1016.8,2753
"1973-04-04",1019.5,1022.5,1018.5,1020.2,16724
"1973-04-05",1021.5,1021.9,1017.5,1020.8,10259
"1973-04-06",1019,1019.5,1017.2,1018.1,8986
"1973-04-07",1017,1021,1015.7,1020.9,10018
"1973-04-08",1022,1026,1020.8,1021.2,10905
"1973-04-09",1019.5,1025,1019.3,1024.5,8367
"1973-04-10",1030.5,1034,1029.5,1033.4,15209
"1973-04-11",1034.4,1037,1032.1,1034.9,9438
"1973-04-12",1039.5,1041.5,1038,1041.3,9184
"1973-04-13",1038.5,1038.5,1034.5,1034.7,9031
"1973-04-14",1035.5,1044.7,1034.7,1044.7,8973
"1973-04-15",1045.5,1047.5,1041.5,1042.8,7909
"1973-04-16",1041.5,1047.3,1032.8,1034.2,14495
"1973-04-17",1036.5,1040.5,1034.7,1038.2,8964
"1973-04-18",1037.5,1045.3,1036.8,1044.9,5728
"1973-04-19",1047.4,1049,1043.7,1047.7,8475
"1973-04-20",1043.5,1044.5,1037.7,1038.5,8751
"1973-04-21",1034.5,1036.5,1029.5,1033.8,7999
"1973-04-22",1035.3,1035.5,1031,1032.3,4728
"1973-04-23",1030.5,1032.8,1023,1023.5,8376
"1973-04-24",1025.5,1032.5,1024.5,1030.5,8329
"1973-04-25",1028.5,1032.5,1027.2,1030,4679
"1973-04-26",1031,1038,1028.5,1037.8,5608
"1973-04-27",1035.5,1039,1034.3,1036.9,4180
"1973-04-28",1038.5,1040.9,1037,1037.8,5884
"1973-04-29",1037.5,1038.2,1033.4,1035.1,4762
"1973-04-30",1034.2,1041,1033.5,1039.3,6622
"1973-05-01",1037.5,1038.5,1036,1037.5,5419
"1973-05-02",1035.5,1036,1027.5,1027.5,7343
"1973-05-03",1027,1027.5,1022.1,1023.8,7352
"1973-05-04",1024.5,1027.8,1024.2,1027.7,9564
"1973-05-05",1027.5,1030.5,1027,1028.8,6620
"1973-05-06",1029.9,1030.4,1018.8,1018.8,10523
"1973-05-07",1018.8,1019.4,1008.8,1016.4,9788
"1973-05-08",1017.9,1018.4,1009.4,1009.9,9443
"1973-05-09",1010.9,1012.9,1008.1,1009.7,9536
"1973-05-10",1008.9,1008.9,1002.5,1005.4,7154
"1973-05-11",1003.9,1006.2,996.4,996.9,5745
"1973-05-12",994.4,994.4,986.9,986.9,7484
"1973-05-13",980.9,984.4,976.9,977.9,7650
"1973-05-14",977.4,977.4,967.9,967.9,4133
"1973-05-15",958.4,977.4,958.4,973.4,7959
"1973-05-16",983.4,983.4,977.9,983.4,6465
"1973-05-17",978.4,982.9,973.5,980.4,7053
"1973-05-18",981.4,984.9,979,983.6,4714
"1973-05-19",983.4,983.4,979,980.1,3275
"1973-05-20",980.9,983.4,979.4,983,3319
"1973-05-21",984.2,986.9,982.2,986.4,2877
"1973-05-22",987.4,989.9,986.9,988.4,4009
"1973-05-23",987.9,988.4,985.4,986.4,1794
"1973-05-24",984.4,984.4,979.4,979.8,5408
"1973-05-25",978.4,980.4,974.4,976,8815
"1973-05-26",973.9,987.4,973.9,985.1,7460
"1973-05-27",992.3,995.5,989.3,990.5,8886
"1973-05-28",989.3,992.3,987.3,991.6,8205
"1973-05-29",990.8,991.3,984.8,988,8287
"1973-05-30",987.3,987.3,983.8,984.3,7161
"1973-05-31",982.3,984.8,980.8,982.1,9580
"1973-06-01",981.3,988.3,981.3,987.7,6357
"1973-06-02",986.8,987.1,982.8,983,5654
"1973-06-03",982.3,986.8,981.9,982.6,7556
"1973-06-04",976.3,976.3,972.6,972.6,8355
"1973-06-05",975.3,976.8,972.3,972.9,7540
"1973-06-06",972.3,975.7,970.5,970.7,5287
"1973-06-07",970.3,973.8,969.8,973.7,4116
"1973-06-08",974.8,974.8,971.4,971.6,3596
"1973-06-09",969.5,970.3,962.1,962.6,6842
"1973-06-10",963.3,964.3,955.8,956.1,6599
"1973-06-11",953.8,960,950.8,957.8,6581
"1973-06-12",960.3,962.3,958.8,962,4163
"1973-06-13",959.8,961.8,958.4,959.7,3317
"1973-06-14",957.3,957.3,950,952.6,5759
"1973-06-15",951.8,956.8,951.8,956.6,4946
"1973-06-16",955.8,960.3,955.8,959.5,4017
"1973-06-17",963.8,968.5,962.8,968.3,5046
"1973-06-18",967.8,968.8,963.6,965.2,4664
"1973-06-19",962.3,963.6,960.4,963.5,4404
"1973-06-20",963.3,966.8,961.8,966.1,5121
"1973-06-21",961.8,962.3,956.3,956.9,5583
"1973-06-22",955.8,959.8,955.3,959.3,4502
"1973-06-23",958.8,959.8,957.8,959.3,3665
"1973-06-24",958.3,958.3,954.1,957.1,4695
"1973-06-25",955.3,959.8,954.6,958.9,5718
"1973-06-26",958.8,963.7,957.8,961,5624
"1973-06-27",959.8,960.8,956.3,957.5,4721
"1973-06-28",958.8,961.7,958.8,959.8,4256
"1973-06-29",962.8,963.8,960.8,962.5,4248
"1973-06-30",958.3,960.3,957.8,959.5,3941
"1973-07-01",960.3,961.7,958,958.4,4388
"1973-07-02",957.3,958.6,956.7,957,5154
"1973-07-03",954.8,955.3,951.8,952,10232
"1973-07-04",951.1,953.2,949.8,950,6069
"1973-07-05",946.8,946.8,941.6,942,6880
"1973-07-06",944.3,947.1,943.3,946.9,6601
"1973-07-07",945.8,946.3,940,943.2,10489
"1973-07-08",943.8,945.2,941.8,942.1,5896
"1973-07-09",942.3,944.8,942.1,943.5,4682
"1973-07-10",945.8,949.4,945.8,948.3,6277
"1973-07-11",949.7,950.3,944.6,945.1,6232
"1973-07-12",942.8,943.8,940.3,943.7,6099
"1973-07-13",942.3,947.3,942.3,947.1,5572
"1973-07-14",948.3,949.7,946.6,948.1,4856
"1973-07-15",949.3,951.8,946.8,949.2,7285
"1973-07-16",949,954.8,948.3,954,6062
"1973-07-17",952.8,954.8,951.5,954,7737
"1973-07-18",952.8,953.3,951.9,952.8,5231
"1973-07-19",950.3,951.7,947.8,951.2,5835
"1973-07-20",950.3,958.8,949.6,956,7498
"1973-07-21",955.3,957.7,954.3,955.6,5074
"1973-07-22",952.4,954.6,951.1,954.2,4438
"1973-07-23",952.8,956.3,950.9,951.4,6371
"1973-07-24",948.8,951.8,948.8,951.6,4792
"1973-07-25",948.7,953.8,948.1,953.5,4303
"1973-07-26",953.7,955.8,952.6,955.6,3791
"1973-07-27",956.3,956.8,954,954.5,4217
"1973-07-28",954,960.8,953.8,960.3,6696
"1973-07-29",955.3,958.3,955.3,957.1,4438
"1973-07-30",955.8,961.7,955.8,958.1,6771
"1973-07-31",959.8,964.8,959.8,964.7,6479
"1973-08-01",962,965.8,962,964.9,5357
"1973-08-02",963.8,966.5,962.4,965.8,3871
"1973-08-03",963.8,963.8,959.6,959.8,4962
"1973-08-04",953.8,953.8,951.7,953.5,5209
"1973-08-05",953.8,955.1,953.3,953.7,4397
"1973-08-06",953.7,955.3,953.2,955.2,3946
"1973-08-07",956.3,959,955.8,958.7,4267
"1973-08-08",960.2,962.2,959.6,961.7,4362
"1973-08-09",961.3,962.3,960.1,960.2,3745
"1973-08-10",960.6,962,958.8,958.9,6574
"1973-08-11",961.8,962.3,959.2,960,8049
"1973-08-12",958.3,962.3,958.3,961.9,5322
"1973-08-13",961.8,964.5,961.1,961.2,4976
"1973-08-14",960.8,960.8,957.2,957.4,9300
"1973-08-15",956.5,958,954.9,956.1,8089
"1973-08-16",956.8,962.8,956.8,961.7,6208
"1973-08-17",962.2,964.6,961.7,962.1,7678
"1973-08-18",959.7,959.7,952.2,956,9499
"1973-08-19",955.2,956.2,953.5,955.3,9480
"1973-08-20",956.7,957.9,956.1,956.7,6452
"1973-08-21",957,958.2,955.7,957.3,7057
"1973-08-22",957.5,957.6,956.2,957.3,3522
"1973-08-23",956.2,957.3,952,952.2,7913
"1973-08-24",950.7,950.9,947.3,949.4,9938
"1973-08-25",950,950.4,946.9,948.5,7381
"1973-08-26",948.7,950.2,947.7,949.8,4051
"1973-08-27",950.2,950.9,948,948.4,4870
"1973-08-28",949.7,950.7,948,950.1,5751
"1973-08-29",949.7,950.2,945.6,948.6,8919
"1973-08-30",948.1,953.2,946.7,952.7,7677
"1973-08-31",950.7,950.7,946.7,946.8,6958
"1973-09-01",947.7,948.2,945.8,946.1,4290
"1973-09-02",944.7,946.2,943.1,946,6279
"1973-09-03",945.7,947.7,945.3,946.9,6362
"1973-09-04",949.7,949.7,948,948.6,3798
"1973-09-05",948.1,948.9,947.1,948.6,5314
"1973-09-06",949,949.6,945.8,945.9,4594
"1973-09-07",945,946,943.7,944.3,6075
"1973-09-08",944.2,945.4,939.2,940.1,11253
"1973-09-09",939.8,941.2,937.2,939.3,8449
"1973-09-10",939.7,940.6,938.7,938.8,4910
"1973-09-11",941,942.1,937.3,937.5,5376
"1973-09-12",936.8,938.7,936.7,938.6,5602
"1973-09-13",939.7,941.2,939.3,941.1,4872
"1973-09-14",940.2,940.3,937.9,938.2,5320
"1973-09-15",938.2,941.2,936,940.9,6401
"1973-09-16",942.7,943.7,941.2,941.6,5212
"1973-09-17",941.2,941.2,939.3,939.6,3952
"1973-09-18",938.7,939.1,936.7,936.9,4026
"1973-09-19",935.7,936,934.5,934.9,4874
"1973-09-20",935.2,935.7,933.7,933.8,3766
"1973-09-21",934.2,934.3,931.3,931.8,5173
"1973-09-22",931.9,932.4,929.8,930.6,5110
"1973-09-23",930.2,931.4,928,928.1,6550
"1973-09-24",926.7,927.4,922.4,923.5,10530
"1973-09-25",923.5,923.9,921.5,922.6,8108
"1973-09-26",922.4,922.7,920.4,922.5,10281
"1973-09-27",924.2,926.6,923.7,925.1,8718
"1973-09-28",925.1,932.2,925.1,931.7,8795
"1973-09-29",932.2,932.7,928.3,930.3,5812
"1973-09-30",929.2,940.2,927.4,939.7,6830
"1973-10-01",936.7,940.7,936.2,937,8110
"1973-10-02",938.7,941.2,935.7,939.1,9358
"1973-10-03",937.7,937.7,934.7,935.3,4587
"1973-10-04",936.7,938.2,936.2,938,4759
"1973-10-05",938.7,939.9,936.9,939.8,4795
"1973-10-06",936.7,937.7,934.2,934.8,4543
"1973-10-07",933.2,933.2,931.4,932.6,3829
"1973-10-08",933.2,933.9,932.1,932.9,3996
"1973-10-09",932.7,934,931.7,931.9,3921
"1973-10-10",926.7,928.7,925.1,926.4,6322
"1973-10-11",926.7,927.4,924.4,927,4260
"1973-10-12",928.7,929,927.5,928.4,5244
"1973-10-13",928,929.4,926.7,928.6,5241
"1973-10-14",929.2,931.5,928.9,930.9,4490
"1973-10-15",930.7,931.2,928.8,929,4375
"1973-10-16",927.7,933.5,927.2,932.9,7123
"1973-10-17",932.2,933.6,930.9,931.3,6892
"1973-10-18",931.2,935.2,931.2,932.5,8837
"1973-10-19",934.7,936.2,933.6,935.7,4610
"1973-10-20",933,933,931.1,932.4,2490
"1973-10-21",933,933,930.7,930.9,2640
"1973-10-22",931,932.2,929.6,929.8,2760
"1973-10-23",931.2,931.5,929.2,930.4,1971
"1973-10-24",933,933.5,930.1,930.3,4681
"1973-10-25",927.3,928,925,925.6,3163
"1973-10-26",927,927.7,926,926.9,3904
"1973-10-27",928.3,928.9,927.5,928.2,2584
"1973-10-28",921.5,922,920.5,920.9,3590
"1973-10-29",922,922.5,920.8,922.4,3057
"1973-10-30",924,925,922,922.2,4070
"1973-10-31",924,924.5,921.7,922.2,4186
"1973-11-01",922.2,923.5,920.5,923.4,5284
"1973-11-02",924,924.5,922.5,922.9,2182
"1973-11-03",923,923.5,919,919.8,6111
"1973-11-04",919,919.5,914.2,915.2,4198
"1973-11-05",914,915.2,912.8,913.9,3667
"1973-11-06",916.5,916.5,913.3,913.4,4762
"1973-11-07",914.5,914.5,910.4,911.4,6113
"1973-11-08",912.5,914.8,912.1,912.8,5858
"1973-11-09",914,915.5,911.4,913.3,2571
"1973-11-10",912.5,914.2,912.2,913.3,3455
"1973-11-11",913.7,915,913.1,914.3,2345
"1973-11-12",914.5,916,914.1,915.8,3582
"1973-11-13",916,916.3,914,914.2,2994
"1973-11-14",913.2,913.2,911,912.1,3093
"1973-11-15",911.7,912.5,910.3,912.2,3923
"1973-11-16",915.5,915.5,912.5,913.2,5049
"1973-11-17",913,913,911.1,911.4,3004
"1973-11-18",909.5,914.3,909,914.2,3625
"1973-11-19",914.7,917.7,913.1,917.6,4327
"1973-11-20",916,919,915.5,915.7,5182
"1973-11-21",915.7,917.2,914.9,915.6,4666
"1973-11-22",915.3,915.6,913.5,913.6,6073
"1973-11-23",913,914.6,912.5,913.2,3162
"1973-11-24",914.5,914.5,911.6,912.9,3584
"1973-11-25",912.3,912.8,910.6,910.9,2834
"1973-11-26",909.5,910,908,909.6,5939
"1973-11-27",909.3,909.7,905.5,906.4,4241
"1973-11-28",903,906.4,903,905.8,7122
"1973-11-29",906.5,907.5,906,906.7,6334
"1973-11-30",906,906.8,905.3,906.4,3558
"1973-12-01",907,907.9,905.3,906.1,5411
"1973-12-02",906.8,907.4,906.2,907.1,5100
"1973-12-03",910,913.5,908.7,910.3,9692
"1973-12-04",910.8,911.1,908.8,910.3,8135
"1973-12-05",910.5,910.6,909.4,910.1,7649
"1973-12-06",909.5,909.5,908.5,909.1,5017
"1973-12-07",909,910,908.3,909.9,6017
"1973-12-08",908.5,911,907.7,909.8,6154
"1973-12-09",909.7,911.7,909.3,911.6,6858
"1973-12-10",912.2,913,910.6,911.6,7800
"1973-12-11",911.6,911.8,910.3,910.5,4953
"1973-12-12",909.8,910.5,908.6,908.9,6007
"1973-12-13",908.5,908.7,906.9,908.3,5512
"1973-12-14",908.8,908.8,906.6,906.7,6192
"1973-12-15",906,908.3,905.3,907.2,7234
"1973-12-16",907,907.3,906.2,906.8,3407
"1973-12-17",906.7,907.8,906.2,907.2,5009
"1973-12-18",906,906,904.7,905.5,4805
"1973-12-19",905.5,906.2,904.7,905.1,3993
"1973-12-20",904.7,906.4,904.7,905.5,4675
"1973-12-21",906.3,907,905.5,905.5,6894
"1973-12-22",906.1,907.3,905.8,907.1,5848
"1973-12-23",908,909,907.3,908.7,6637
"1973-12-24",909,909.3,908,908.5,6613
"1973-12-25",908.8,909.1,908.1,908.9,5659
"1973-12-26",908.8,909.2,908.3,908.9,4266
"1973-12-27",908.7,909.6,908.2,909.2,5102
"1973-12-28",910.5,911,908.5,908.6,6359
"1973-12-29",908,908,905.2,905.3,7684
"1973-12-30",905,905.7,903.7,905.5,6245
"1973-12-31",906.5,906.5,905.6,905.9,3146
"1974-01-01",907.2,907.2,905,905.1,3880
"1974-01-02",904,904.5,902,903.1,5605
"1974-01-03",903.5,903.9,902.3,902.3,3282
"1974-01-04",902.2,903.2,901.9,902.1,4735
"1974-01-05",903,904.5,902.2,904.2,5472
"1974-01-06",905.3,905.9,904.7,905.2,5776
"1974-01-07",904.5,904.8,901.3,902.1,4057
"1974-01-08",902.5,902.8,900.7,900.9,5215
"1974-01-09",902,902.3,901.2,901.3,8239
"1974-01-10",902,902.5,901.5,902.4,12405
"1974-01-11",904,905.5,902.5,905.4,9533
"1974-01-12",904.1,908.6,904.1,907.5,8026
"1974-01-13",907.4,908.9,907.1,907.6,7800
"1974-01-14",907.3,910.6,906.9,910.3,8434
"1974-01-15",912.6,914.1,911.3,912.5,10426
"1974-01-16",911.6,911.6,907.4,909,8773
"1974-01-17",908.4,908.6,902.1,902.4,12434
"1974-01-18",903.6,904.9,901.8,903.9,7155
"1974-01-19",903.6,903.8,900.3,901.2,6451
"1974-01-20",902.1,905.6,902.1,905.4,3748
"1974-01-21",902.6,906.1,902.3,903.3,4716
"1974-01-22",903.6,904.1,899.7,901.2,6681
"1974-01-23",900.6,902.6,894.1,900.6,9300
"1974-01-24",900.6,902.1,900.3,900.7,3985
"1974-01-25",899.9,900.3,897.7,899.8,3936
"1974-01-26",899.1,899.6,896.7,896.8,3811
"1974-01-27",896.6,898.6,895.4,898.1,4324
"1974-01-28",896.6,897.8,895.8,897,3513
"1974-01-29",899.1,901.6,898.9,901.3,3929
"1974-01-30",900.3,900.3,897.9,899.1,5742
"1974-01-31",897.6,899.8,897.6,898.2,6022
"1974-02-01",899.1,900,899.1,899.8,2359
"1974-02-02",900.4,901.8,899.9,901.3,4311
"1974-02-03",900.9,901.3,899.9,901.1,4528
"1974-02-04",902.9,903.4,902.4,903.2,5753
"1974-02-05",902.7,904.1,902.5,903.4,6945
"1974-02-06",903.5,903.9,902.6,903,5605
"1974-02-07",903.4,904.4,902.4,902.8,5035
"1974-02-08",902.4,902.6,900.4,902.4,4476
"1974-02-09",902.7,904.1,898.9,904,4709
"1974-02-10",906.4,907.7,905.7,907.5,9447
"1974-02-11",908.4,908.9,906.7,908,8238
"1974-02-12",909.4,909.4,907.2,908.5,5800
"1974-02-13",906.9,906.9,904,904.3,6141
"1974-02-14",903.9,905.4,902.4,905.3,6928
"1974-02-15",905.4,906.6,904.6,905.5,6547
"1974-02-16",905.1,905.8,903.9,904.5,5446
"1974-02-17",903.9,903.9,901.7,902.2,5068
"1974-02-18",902.7,904.2,902.6,903.7,5197
"1974-02-19",903.9,906.9,903.6,906.7,6683
"1974-02-20",906.4,907.9,905.1,905.2,8815
"1974-02-21",905.4,907.5,905.2,906.7,7384
"1974-02-22",905.4,908.6,904.9,907.9,5577
"1974-02-23",906.9,907.3,904.9,905.1,7958
"1974-02-24",904.4,906.3,903.6,905.3,8375
"1974-02-25",904.9,907.4,904.9,906.7,8054
"1974-02-26",906.7,906.7,905,905.3,5636
"1974-02-27",904.7,904.7,903.4,903.5,5766
"1974-02-28",903.6,904.7,901.1,901.3,10150
"1974-03-01",901.9,901.9,900.5,901.1,5754
"1974-03-02",901.6,902.3,901.4,901.6,4919
"1974-03-03",901.4,901.6,900,901.1,4657
"1974-03-04",900.4,901.4,899,901,6911
"1974-03-05",901.9,901.9,899.2,900.3,5967
"1974-03-06",900.4,901.7,899.8,899.9,6128
"1974-03-07",899.7,900.2,898.9,899.2,4608
"1974-03-08",900.4,900.7,898.2,898.8,5410
"1974-03-09",898.4,899.4,896.7,899.3,5910
"1974-03-10",899.4,899.7,897.4,897.8,4517
"1974-03-11",897.1,898.3,896.7,897.7,7047
"1974-03-12",897.5,899.2,897.1,898.8,3518
"1974-03-13",899.2,899.8,898.6,899.7,3355
"1974-03-14",899.9,900,898.5,899.2,3506
"1974-03-15",898.7,898.9,896.7,896.8,5485
"1974-03-16",895.7,896.8,894.7,896.1,7524
"1974-03-17",896.4,896.7,895.5,895.9,4832
"1974-03-18",895.5,895.5,893.6,894.1,6165
"1974-03-19",894.4,894.7,893.1,894.1,4520
"1974-03-20",894.7,894.9,893.5,894.5,4765
"1974-03-21",894.2,894.9,893.6,894.3,5171
"1974-03-22",893.2,893.5,891.7,892,6189
"1974-03-23",891.7,896.7,891.1,896.6,8201
"1974-03-24",896.7,897.7,894.5,894.9,6299
"1974-03-25",896.2,898.7,895.9,897.1,6514
"1974-03-26",897.7,898.6,896.5,897.3,5008
"1974-03-27",896.2,897.2,895.7,897.2,3914
"1974-03-28",897.9,898.3,896.7,897.7,4845
"1974-03-29",898.2,898.5,897.1,897.5,4982
"1974-03-30",897.2,898.1,896.4,898,3812
"1974-03-31",897.4,897.9,896.8,897.5,5434
"1974-04-01",896.2,896.5,895.8,896.3,3523
"1974-04-02",895.7,896.1,893.8,896,4181
"1974-04-03",896.2,897.4,896,896.1,4361
"1974-04-04",896,901.2,895.8,900.4,6255
"1974-04-05",900.7,900.9,899.2,900.3,7676
"1974-04-06",900.2,902.2,899.8,901.7,5502
"1974-04-07",902.7,905.7,902.2,905.6,8758
"1974-04-08",905.3,905.4,902.8,903.5,8037
"1974-04-09",902.7,902.9,900.3,900.5,4231
"1974-04-10",901.2,904.1,901.2,902.9,5168
"1974-04-11",902.7,902.7,900.8,902.6,4058
"1974-04-12",904.2,905.4,901.2,901.9,5259
"1974-04-13",903.7,903.7,901.2,902.3,5064
"1974-04-14",901.5,902.2,899.5,901.4,3787
"1974-04-15",901.1,901.7,900.3,900.9,3487
"1974-04-16",900.9,901.3,898.9,900.4,4581
"1974-04-17",901.2,902.4,900.9,902.3,4368
"1974-04-18",902.9,903.1,901.8,901.9,5164
"1974-04-19",901.7,901.9,901,901.8,6232
"1974-04-20",903.8,905.2,903.5,904.9,5913
"1974-04-21",905.7,906.2,903.9,904.1,6214
"1974-04-22",903.5,903.5,902.3,902.4,6245
"1974-04-23",903.2,903.2,901.9,902.8,7656
"1974-04-24",901.7,906.2,901.7,906,8259
"1974-04-25",906.3,908.7,899.8,903.6,4145
"1974-04-26",904.6,905.1,903.1,903.9,3620
"1974-04-27",903.3,904.2,902.6,903.8,5759
"1974-04-28",903.6,904.1,902.9,903.2,4337
"1974-04-29",902.9,903.1,901.3,901.4,7127
"1974-04-30",902.1,902.6,901.3,902.2,6767
"1974-05-01",901.9,902.9,900.4,902.7,5664
"1974-05-02",903.2,904.4,902.9,904.3,5595
"1974-05-03",904.1,904.4,903.5,904.4,5184
"1974-05-04",903.9,903.9,902.1,902.3,8399
"1974-05-05",902.3,904.1,902.3,903.5,7862
"1974-05-06",903.4,904.8,902.9,903.7,6562
"1974-05-07",903.4,904.2,902.4,903.6,6095
"1974-05-08",903.4,904.1,903,903.4,4221
"1974-05-09",903.4,903.4,902.9,903.2,4834
"1974-05-10",902.7,903.6,902.1,902.7,4837
"1974-05-11",902.3,902.3,900.8,900.9,5442
"1974-05-12",899.1,900.6,898.2,898.5,10165
"1974-05-13",899.1,899.1,897.5,898.1,7758
"1974-05-14",898.6,898.6,896.6,896.9,5168
"1974-05-15",896.8,897.1,895.6,895.7,5666
"1974-05-16",894.8,894.8,892.2,892.9,8603
"1974-05-17",893.3,894.9,893.3,894.5,6965
"1974-05-18",894.8,895.4,892.6,892.8,6043
"1974-05-19",892.6,894.6,891.3,893.2,4659
"1974-05-20",893.3,895.1,892.1,895,5140
"1974-05-21",894.4,895.4,893.6,893.9,4260
"1974-05-22",892.9,894.9,892.9,894,5398
"1974-05-23",893.8,894.8,893.7,894.7,4273
"1974-05-24",896.6,899.1,895.8,898.8,8148
"1974-05-25",897.1,897.1,894.4,894.8,7077
"1974-05-26",894.8,895.3,893.3,895.2,4843
"1974-05-27",894.7,895.9,893.4,895.3,3859
"1974-05-28",893.1,893.9,892.5,893,6282
"1974-05-29",893.4,893.7,892.7,893.3,2827
"1974-05-30",894.4,896.6,890.8,895.8,7012
"1974-05-31",896.1,896.8,894.9,895.7,6662
"1974-06-01",895.6,895.6,893.7,895.5,4293
"1974-06-02",895.6,896,895,895.2,3808
"1974-06-03",895.1,895.1,893.7,893.9,3835
"1974-06-04",893.1,893.1,891.7,891.8,5936
"1974-06-05",892.4,893,891.8,892,7826
"1974-06-06",890.6,891.4,889.8,889.9,5562
"1974-06-07",890,890.8,889.7,890.5,2658
"1974-06-08",890.6,890.8,888.7,888.8,3099
"1974-06-09",888.4,888.5,886.8,887.3,4004
"1974-06-10",886.7,889.2,886.4,888,5218
"1974-06-11",889.2,890.3,889,889.9,4609
"1974-06-12",890.8,891.8,890.2,890.3,3618
"1974-06-13",891.5,891.8,890.3,890.8,2377
"1974-06-14",890.2,894.2,890.2,893.8,4907
"1974-06-15",893.7,894.1,892.2,892.8,3390
"1974-06-16",893.7,894,892,892.9,3705
"1974-06-17",893,893.2,892.2,892.8,3450
"1974-06-18",892.3,892.6,890.3,890.4,4023
"1974-06-19",890.5,891.1,889.5,891,3066
"1974-06-20",892.4,893,890.7,891.5,3951
"1974-06-21",891.2,891.5,890.2,890.5,2594
"1974-06-22",891.4,891.8,890.4,891,4053
"1974-06-23",890,890,889.3,889.8,2033
"1974-06-24",889.7,889.8,889,889.1,4330
"1974-06-25",888.2,888.4,885.8,886.1,5957
"1974-06-26",885,886.2,884,885.7,5594
"1974-06-27",886.2,886.9,885.5,885.6,3447
"1974-06-28",886.4,887.8,886.3,887.6,1991
"1974-06-29",887.2,887.8,887,887.1,2752
"1974-06-30",886.5,887.2,886.2,886.5,1771
"1974-07-01",885.7,885.7,883.6,883.8,2912
"1974-07-02",882.8,883,881,881.3,3211
"1974-07-03",879.5,880.3,878.5,879.7,2181
"1974-07-04",880.1,880.3,878.9,880.1,2408
"1974-07-05",880,880,879.1,879.1,1638
"1974-07-06",874,874.7,871.5,874.4,3663
"1974-07-07",874,875,873.3,873.4,2457
"1974-07-08",874.2,874.4,870.3,870.4,2504
"1974-07-09",870.8,871.9,870,871.7,2538
"1974-07-10",874.5,875,873.7,874.6,3534
"1974-07-11",873,874,872.5,873.4,2912
"1974-07-12",875.4,875.4,874,874.8,3535
"1974-07-13",874.5,876.5,874.3,875.9,2951
"1974-07-14",877.3,877.7,876.4,876.9,3967
"1974-07-15",876.5,877.5,875.6,877.3,3074
"1974-07-16",878.3,878.3,874.7,874.8,3763
"1974-07-17",874.4,874.5,872.7,873.1,4721
"1974-07-18",872,872,869.5,870.7,5510
"1974-07-19",870.7,872,870.7,871.7,3370
"1974-07-20",871.4,871.9,870.1,871.6,2226
"1974-07-21",872.4,872.9,871.9,872.5,1930
"1974-07-22",873.1,873.1,869.9,870.1,2348
"1974-07-23",869.9,869.9,868.1,868.1,4046
"1974-07-24",867.9,868.8,867.7,868.1,2072
"1974-07-25",867.7,868.7,867.4,868.6,2323
"1974-07-26",868.4,868.4,867,867.2,2966
"1974-07-27",867.2,869.3,867.2,869.1,3214
"1974-07-28",869.9,870.1,868.2,869.6,3082
"1974-07-29",870.4,870.5,869,870.2,2564
"1974-07-30",870.6,871.7,869.4,871.7,3107
"1974-07-31",870.9,871.2,870,870.1,2210
"1974-08-01",868.7,869.4,867.9,869.1,2429
"1974-08-02",869.1,869.2,867.7,868.3,1942
"1974-08-03",868.7,868.7,867.4,868,2602
"1974-08-04",867,867.4,866.4,866.6,3566
"1974-08-05",866.4,866.5,865.4,866.3,3457
"1974-08-06",865.9,866.7,865.4,865.6,2726
"1974-08-07",865.9,866.2,864.7,864.8,4868
"1974-08-08",864.4,865.6,863.5,864.9,7165
"1974-08-09",864.4,864.7,863.7,863.7,4175
"1974-08-10",863.4,863.6,861.8,862,6320
"1974-08-11",860.4,860.4,857.9,858,5317
"1974-08-12",858.5,859.2,858.4,858.7,6691
"1974-08-13",859.4,860.9,859.4,860.6,6474
"1974-08-14",862.4,864.7,862.1,864.5,7314
"1974-08-15",864.5,864.7,861.9,862.6,6094
"1974-08-16",863.9,865.1,863.6,864.6,5745
"1974-08-17",864.4,864.7,863.4,864.6,4204
"1974-08-18",863.9,867.9,863.2,867.2,8395
"1974-08-19",866.4,868.4,866,867.3,9834
"1974-08-20",866.5,867.6,865.2,865.3,6803
"1974-08-21",864.7,865.6,863.9,864.1,5064
"1974-08-22",864.9,865.4,864.1,864.2,4998
"1974-08-23",865,865.9,865,865.8,6175
"1974-08-24",866.4,866.6,864.1,864.6,6506
"1974-08-25",864.3,865.4,863.2,864.8,7573
"1974-08-26",863.7,864.4,863.4,864.3,4924
"1974-08-27",864.9,868.4,864.5,868,6251
"1974-08-28",869.4,869.4,867,868.8,11501
"1974-08-29",869.4,871.8,869.4,870.6,11400
"1974-08-30",869.9,870.4,868.4,868.7,5531
"1974-08-31",869.7,870.8,869.5,870.6,5092
"1974-09-01",871.9,874.1,871.9,873.7,9613
"1974-09-02",873.9,876.3,873.1,875.6,8929
"1974-09-03",875.4,879.9,874.7,879.4,8957
"1974-09-04",877.5,879.9,876.4,877.4,6730
"1974-09-05",877.7,879.4,877.5,879.2,8210
"1974-09-06",880.4,881.4,878.4,879.6,8480
"1974-09-07",878.4,880.7,878.3,878.4,5740
"1974-09-08",878.6,878.6,876.4,877,5062
"1974-09-09",876.1,876.7,875.2,876,3262
"1974-09-10",876.1,878.9,876.1,878.8,5630
"1974-09-11",879.6,882.7,879.6,879.7,5405
"1974-09-12",879.4,883.4,879.2,883.3,5404
"1974-09-13",886.4,886.6,883.9,884.2,7324
"1974-09-14",883.6,885.5,882.1,883,6285
"1974-09-15",882.4,882.4,879.1,880.9,5498
"1974-09-16",881.5,882.1,881.3,881.5,5796
"1974-09-17",882.5,883.9,881.9,883.9,4450
"1974-09-18",884.4,884.4,880.7,881,7759
"1974-09-19",880.9,882.4,879.6,882.3,4918
"1974-09-20",882.4,882.9,880.4,881,4549
"1974-09-21",881,881.8,878.9,879.3,5937
"1974-09-22",880.4,880.4,878,878.2,6222
"1974-09-23",878.6,879.9,877.3,879.8,5462
"1974-09-24",880.2,881.6,879.7,881.5,4981
"1974-09-25",879.7,881.1,879.1,879.7,5368
"1974-09-26",879.9,882.2,879.4,881.9,3926
"1974-09-27",881.2,881.4,879.8,880.3,5942
"1974-09-28",879.8,881.1,879.5,880.6,4411
"1974-09-29",881.2,881.4,879,879.1,4527
"1974-09-30",879.1,880.3,878.1,880.1,4760
"1974-10-01",880.3,880.9,879.4,880.8,7640
"1974-10-02",881,881.7,880.8,881.1,4709
"1974-10-03",880.9,881.4,880.6,880.8,2576
"1974-10-04",881,881.2,880.6,881.1,3257
"1974-10-05",881.3,881.3,880.1,880.3,2404
"1974-10-06",880.3,880.5,878.9,879.3,2349
"1974-10-07",879.4,881.1,878.4,880.4,4286
"1974-10-08",880.7,881.7,880.2,881.3,4009
"1974-10-09",881.4,881.6,880.2,880.7,4625
"1974-10-10",880.7,882.6,880.1,882.5,3319
"1974-10-11",882.3,883.3,881.4,882.3,4310
"1974-10-12",882.3,882.3,881.2,882.1,4732
"1974-10-13",882.2,883,881.8,882.4,4353
"1974-10-14",881.9,882.4,881.8,882.2,4178
"1974-10-15",882.6,884.6,882.6,884.5,9011
"1974-10-16",885.1,887.6,885.1,887,8151
"1974-10-17",887,887.4,885.9,886.8,5999
"1974-10-18",886.8,891.3,886.8,891,10810
"1974-10-19",890.5,891,889.6,890.7,8008
"1974-10-20",889.8,891.9,889.8,890.9,11019
"1974-10-21",891.6,892,888.8,889,8805
"1974-10-22",887.5,889.8,887,889.5,6732
"1974-10-23",888.3,889.1,887,887.2,9461
"1974-10-24",887.1,888.2,886.3,887.7,6583
"1974-10-25",885.8,887.3,885.5,887.2,5978
"1974-10-26",886,889.7,884.8,889,8261
"1974-10-27",889.6,890.3,886.6,887,8622
"1974-10-28",886.8,887.5,885.7,887.1,6920
"1974-10-29",887.5,887.8,886.8,886.8,4166
"1974-10-30",886.3,887.3,885.9,886.5,5213
"1974-10-31",886.3,891.3,886.3,890.6,7505
"1974-11-01",890.3,890.8,888,888.9,8442
"1974-11-02",888.6,889.2,887.5,888.3,4604
"1974-11-03",888,888.7,887.1,887.2,3221
"1974-11-04",887.1,887.7,886.1,886.4,3917
"1974-11-05",885.8,886.6,885.3,885.4,5994
"1974-11-06",885.8,886,883.6,884,9330
"1974-11-07",883.7,884.2,883.1,883.4,8332
"1974-11-08",884.6,886.8,884.6,885.3,6187
"1974-11-09",886.2,886.3,885.4,886.2,4378
"1974-11-10",885.8,887.6,885.5,887.4,5806
"1974-11-11",887.8,888.3,886.8,887.3,6428
"1974-11-12",887.8,887.8,886.1,886.1,3658
"1974-11-13",885.8,886.4,885.1,886.1,3770
"1974-11-14",887.3,887.3,886,886.4,3659
"1974-11-15",885.1,885.8,883.8,883.9,4189
"1974-11-16",883.6,884,882.9,883.4,4806
"1974-11-17",883.8,884.2,881.5,881.6,7460
"1974-11-18",881.6,881.6,878.8,879.4,9813
"1974-11-19",876.3,877.3,873.8,874.2,3299
"1974-11-20",875.8,877.3,875.3,875.5,8802
"1974-11-21",876.6,877.6,876.3,877,6675
"1974-11-22",877.5,877.8,876.3,877.4,3578
"1974-11-23",876.7,878.5,876.1,877.9,5551
"1974-11-24",878.3,878.3,877.2,878,2727
"1974-11-25",877.3,877.3,876.4,876.6,3622
"1974-11-26",876.9,878.3,876.6,878.1,4291
"1974-11-27",878.8,879.3,877.9,878.2,4847
"1974-11-28",877.3,877.8,876.5,877.1,5006
"1974-11-29",877.4,878.7,876.8,878.4,4229
"1974-11-30",878,878.3,877.2,877.5,4845
"1974-12-01",877,881,876.8,880.4,9410
"1974-12-02",881,884,879.8,883.4,10820
"1974-12-03",883.3,884.3,882.7,884.2,7017
"1974-12-04",883.8,886.5,883.6,885.9,7325
"1974-12-05",886.4,886.4,885.4,885.8,6360
"1974-12-06",891.8,893.7,890.2,893.3,10229
"1974-12-07",893.1,893.3,891.7,892.8,6250
"1974-12-08",892.3,892.3,890.3,890.5,4961
"1974-12-09",889.8,893.7,889.8,893.1,7313
"1974-12-10",894.1,895.6,894.1,894.2,4474
"1974-12-11",894.3,894.3,890.9,891,6458
"1974-12-12",890.8,892.7,890.8,892.5,3670
"1974-12-13",893.6,894.6,893.3,893.5,3855
"1974-12-14",893.3,893.3,891.5,891.9,4186
"1974-12-15",891.6,892.1,889.4,890.6,5341
"1974-12-16",890.2,892.5,889.9,892.4,4597
"1974-12-17",892.8,893.8,892.8,893.4,4948
"1974-12-18",894.3,895.3,892.8,893,3963
"1974-12-19",892.3,892.9,890.7,890.8,6413
"1974-12-20",890.8,892.1,890.1,891.8,5158
"1974-12-21",892.3,892.5,889.4,889.5,5428
"1974-12-22",888.3,889.8,887.1,887.3,4681
"1974-12-23",886.8,887.8,886.1,887.6,6066
"1974-12-24",888,889.2,887.8,888.8,5726
"1974-12-25",889,890.3,888,888.9,7073
"1974-12-26",888.8,890.4,888.6,890.2,5767
"1974-12-27",893.8,896.1,893.3,894.9,6705
"1974-12-28",894.3,894.8,893.6,893.9,3385
"1974-12-29",893,894.3,892.8,894.3,4573
"1974-12-30",894.6,894.9,891.9,892.1,5300
"1974-12-31",891.6,892.3,890.6,892.2,5338
"1975-01-01",891.8,892.5,890.8,892.2,2677
"1975-01-02",892.4,892.9,891,891.3,5089
"1975-01-03",891.3,892.2,889.1,889.5,8837
"1975-01-04",889.5,889.7,888.3,889.2,8700
"1975-01-05",889.4,889.8,887.8,888.7,7864
"1975-01-06",889.5,889.5,887.7,887.8,6269
"1975-01-07",886.5,887,884.1,884.4,12786
"1975-01-08",884.4,885.5,883.3,885.3,12092
"1975-01-09",884.5,884.7,881.5,881.8,10535
"1975-01-10",881.2,883,881,882.8,9208
"1975-01-11",883.3,884,883.2,883.8,4556
"1975-01-12",883,884.9,882.3,884.4,5985
"1975-01-13",885,885.2,883.4,883.5,5196
"1975-01-14",883.8,884.5,883,884.1,7126
"1975-01-15",884.6,884.8,883.2,883.3,5892
"1975-01-16",883,883,880.5,880.6,9423
"1975-01-17",880.3,882.7,879.8,882.5,6584
"1975-01-18",883,884,881.2,883.9,6522
"1975-01-19",883.7,884.3,882,882.1,4401
"1975-01-20",882,882.5,879.3,879.5,6493
"1975-01-21",879.5,880,878.4,878.4,5698
"1975-01-22",878.7,879.5,877.5,877.8,4706
"1975-01-23",877.2,878.3,876.8,877.4,5904
"1975-01-24",878.2,880.4,878.2,880.2,6562
"1975-01-25",880.2,880.2,878.6,879.9,5605
"1975-01-26",879.7,881.2,879,880.3,6002
"1975-01-27",879.9,879.9,878.6,878.7,5489
"1975-01-28",878,878.1,875.4,876.1,8977
"1975-01-29",876.6,877,876,876.8,5460
"1975-01-30",877.1,877.1,874,874.1,6108
"1975-01-31",874.5,874.7,872.5,873.1,5066
"1975-02-01",872.4,873.1,871.5,871.8,5145
"1975-02-02",871.1,871.7,870.4,871.1,3929
"1975-02-03",871.8,873,871.7,872.4,4434
"1975-02-04",872.5,872.6,871.7,872.2,3457
"1975-02-05",871.7,873.6,871.7,873.4,4603
"1975-02-06",873.7,875,873.5,874.8,4405
"1975-02-07",875.7,876.4,875.3,876,4731
"1975-02-08",876.1,876.1,875.3,875.9,4020
"1975-02-09",875.8,875.8,874.3,874.7,4511
"1975-02-10",873.5,873.5,869.7,869.9,7958
"1975-02-11",870.1,870.9,869.9,870.2,7371
"1975-02-12",870.4,870.4,867.7,867.8,7921
"1975-02-13",874.5,877.5,873,876.9,6423
"1975-02-14",876.3,876.5,874.1,876.4,4873
"1975-02-15",873.3,877,873.3,876.1,3620
"1975-02-16",876.4,878.5,876.4,877.6,4229
"1975-02-17",876.9,880.1,876.8,879.7,4044
"1975-02-18",878.3,878.8,877.2,878.5,4879
"1975-02-19",881.1,887.1,881.1,885.8,8070
"1975-02-20",886.1,887,885.1,885.6,5005
"1975-02-21",884.8,885.5,883.3,884.2,3466
"1975-02-22",883.3,884.5,883.1,883.5,3507
"1975-02-23",883.8,886.6,883.3,885.1,4293
"1975-02-24",887,887.8,885.3,886,3007
"1975-02-25",886.4,890.3,886.4,890,5130
"1975-02-26",894.8,900,894.3,899.9,5370
"1975-02-27",904.8,907.8,894.3,899.6,5956
"1975-02-28",902.8,903.3,900.3,901.6,3353
"1975-03-01",893.8,901.3,893.8,900.5,4969
"1975-03-02",904.5,905.8,891.8,894,6749
"1975-03-03",892.8,896.3,892.8,894.7,5213
"1975-03-04",900.8,902.8,896.8,899,6835
"1975-03-05",897.8,897.8,892.9,896.3,5145
"1975-03-06",896.1,903.1,895.1,902.8,3788
"1975-03-07",904.7,908.1,904.6,906.9,3847
"1975-03-08",906.7,916.1,906.6,915.8,6099
"1975-03-09",916.1,917.1,911.6,913.9,4998
"1975-03-10",913.6,921.1,913.1,920.6,4578
"1975-03-11",923.6,925.6,916.1,917.4,5081
"1975-03-12",916.6,919.6,916.1,918.3,4464
"1975-03-13",920.6,928.3,920.6,928.3,4288
"1975-03-14",930.1,935.6,928.1,935.3,5825
"1975-03-15",936.1,943.6,933.1,940.9,4828
"1975-03-16",946.1,950.9,944.6,950.9,4373
"1975-03-17",959.1,960.9,940.9,953.3,5201
"1975-03-18",953.1,953.1,944.1,947.8,5719
"1975-03-19",944.1,944.6,937.8,937.8,4241
"1975-03-20",930.1,934.1,928.1,929.4,4319
"1975-03-21",939.4,939.4,939.4,939.4,2625
"1975-03-22",949.4,949.4,945.6,949.4,2686
"1975-03-23",947.1,953.1,947.1,951.1,4274
"1975-03-24",961.1,961.1,953.1,955.3,5114
"1975-03-25",951.1,953.1,948.1,951.1,4272
"1975-03-26",949.1,950.1,941.1,941.1,4066
"1975-03-27",931.1,933.1,931.1,931.1,5255
"1975-03-28",924.6,937.1,924.6,936.9,6634
"1975-03-29",940.8,940.8,926.9,930,3638
"1975-03-30",932.8,940,932.3,939.8,4631
"1975-03-31",942.3,948.3,941.8,947.5,3870
"1975-04-01",947.3,949,941.8,944,4005
"1975-04-02",942.8,942.8,940.1,942.6,2592
"1975-04-03",948.3,949.8,946.3,948.1,3853
"1975-04-04",947.3,947.8,942.8,943,2763
"1975-04-05",947.3,951.3,933,933,5115
"1975-04-06",933.3,933.3,925.3,925.8,6124
"1975-04-07",924.3,928.8,916.3,916.6,5194
"1975-04-08",918.3,926.6,915.8,926.6,4895
"1975-04-09",928.3,935.8,927.6,934.8,3400
"1975-04-10",936.3,936.3,929.8,931.6,3426
"1975-04-11",941.6,941.6,941.6,941.6,1439
"1975-04-12",945.3,945.3,934.3,934.5,3239
"1975-04-13",933.3,936.8,929.6,932.8,2676
"1975-04-14",932.3,933.8,923.8,926.8,3868
"1975-04-15",926.3,931.8,925.3,931.6,5812
"1975-04-16",932.8,934.8,924.3,925.8,4779
"1975-04-17",922.8,927.3,922.3,927,7920
"1975-04-18",925.3,933.3,923.8,932.8,6644
"1975-04-19",930.8,930.8,924.8,928.1,11261
"1975-04-20",929.3,929.3,922.1,922.5,9901
"1975-04-21",920.3,925.8,919.3,925.5,13906
"1975-04-22",926.3,931,925.7,929.9,9677
"1975-04-23",929.3,930.3,926.1,926.6,6238
"1975-04-24",925.1,929.8,921.6,929.6,10342
"1975-04-25",929.6,931.3,927.8,928.1,10348
"1975-04-26",927.8,927.8,924.3,924.5,7198
"1975-04-27",928.3,934.5,928.3,934.5,10968
"1975-04-28",935.3,936.8,932.1,935.1,11634
"1975-04-29",933.8,936.6,932.3,932.5,8233
"1975-04-30",932.2,934.8,930.8,932.3,9549
"1975-05-01",930.3,932.4,926.8,927.1,10155
"1975-05-02",926.3,926.3,920.3,921.1,17685
"1975-05-03",921.8,927.3,920.1,927.1,9922
"1975-05-04",925.8,927,923.3,923.5,6944
"1975-05-05",926.8,930.3,926.8,929,7991
"1975-05-06",927.8,927.8,920.3,921.3,10551
"1975-05-07",919.3,931.3,919.3,930.3,11222
"1975-05-08",928.8,930.4,927.5,929,6787
"1975-05-09",927.8,930.1,923.8,924.2,10439
"1975-05-10",924.8,927.3,923.8,926.5,5924
"1975-05-11",927.3,932.3,927.3,930.5,8372
"1975-05-12",929.3,934.8,928,934.5,8357
"1975-05-13",934.3,938,933.8,937.6,8704
"1975-05-14",936.8,939.1,936.3,938.4,5666
"1975-05-15",937.8,938.8,935.8,938.1,5028
"1975-05-16",937.3,941.3,936.9,939.2,6933
"1975-05-17",938.3,939.1,935.9,937.3,5337
"1975-05-18",934.8,936.8,929.8,931.4,7952
"1975-05-19",931.1,931.1,925.8,930.3,7344
"1975-05-20",930.3,933.1,928.9,930.6,6809
"1975-05-21",929.6,929.6,920.6,922.3,10768
"1975-05-22",922.3,925.3,917.3,924,8711
"1975-05-23",923.8,923.8,914,914.4,6321
"1975-05-24",914.3,914.5,909.3,909.5,6832
"1975-05-25",912.8,915.3,911,913.4,8230
"1975-05-26",912.3,913.3,911.3,911.8,5711
"1975-05-27",916.3,917.3,914.4,914.9,6686
"1975-05-28",913.8,915.6,913.1,915.5,10810
"1975-05-29",918.3,919.3,915.3,916.5,8105
"1975-05-30",916,919.3,914.4,919.1,7374
"1975-05-31",917.3,917.6,914,914.2,6869
"1975-06-01",912.3,912.3,906.3,909.4,9944
"1975-06-02",910.3,911.2,907.8,908.7,5679
"1975-06-03",907.8,912.5,907.6,912.3,6139
"1975-06-04",911.3,913.6,909.8,910.3,5800
"1975-06-05",909.1,911.1,907.6,910.9,4349
"1975-06-06",911.8,912.3,909.9,910.7,4065
"1975-06-07",909.6,909.6,905.3,907.7,7386
"1975-06-08",907.8,908.3,906.5,907.5,5874
"1975-06-09",907.7,907.7,903.6,903.8,5764
"1975-06-10",903.8,906.8,901.8,906.6,5345
"1975-06-11",907.3,911.8,907.1,907.5,5518
"1975-06-12",909.3,909.3,905.8,906.3,3929
"1975-06-13",907.3,908.3,906.3,906.9,3506
"1975-06-14",908.9,912.8,908.9,912.5,6034
"1975-06-15",913.8,915.5,913.8,915.3,3460
"1975-06-16",916.8,921.3,916.7,920.8,4710
"1975-06-17",919.8,919.8,915.3,916.2,6044
"1975-06-18",917.3,918.1,915.8,916.2,4722
"1975-06-19",916.3,916.8,914.8,916.5,1569
"1975-06-20",913.9,913.9,906.5,906.6,7349
"1975-06-21",904.4,906.9,902.6,904.2,11359
"1975-06-22",904.9,908.4,904.9,907,8820
"1975-06-23",906.4,906.4,900.2,900.7,10786
"1975-06-24",898.6,899.4,894.7,896.1,12257
